정치,"'숨고르는' 북미..김정은 ""美제재, 고통을 넘어 분노로"" 美 ""대북압박 유지"""정치,"조국 사퇴 후 첫 쇄신론, ""책임 통감하는 자 단 일명도 없다""고 했지만…"정치,김성태 “與시의원 마곡 특혜 분양 의혹” vs 시의원 “적법 절차 거쳐 선정”정치,[뉴스1번지] 공수처법 '여야 평행선' 좁힐 수 있을까정치,'설리 비보'에 악플 비판↑…국회 '악플방지법' 심사는 지지부진정치,"[정치五감] 부마항쟁 기념식…문 대통령, 황교안 대표와 악수 外"정치,여야 '檢개혁' 3+3회동…공수처 '평행선'-수사권 조정 '동상이몽'정치,"나경원 ""문 대통령 사과하라"" 요구에…박지원, 역풍 경고"정치,"""책임 통감 단 1명도 없고 조국 위로만""... 이제야 터지는 與의 책임론·자성론"정치,백마 타고 백두산 오른 김정은 “세상 놀랄 웅대한 작전 펼쳐질 것”정치,"문 대통령, 부마항쟁 사과…""어떤 권력도 국민 위 군림 못 해"""정치,축구 망신당할까봐 무관중? '세계2위' 역도엔 70명 부른 北정치,"손흥민, 남북 충돌 중재?…무관중·무득점 평양 경기 어땠나"정치,"與 일부, 조국 사태 반성 “책임 통감 한 명도 없어” “심려 끼쳐 송구”"정치,"文대통령, 법무장관 '원포인트' 인선 방침…동반개각 없을 듯"정치,'알릴레오' 성희롱 논란에 유시민 “진행자로서 제 잘못”정치,[영상] 남북 축구 충돌에 손흥민 말려…스웨덴 대사 “싸우지 마”정치,"文대통령 ""강력한 檢 감찰기능 방안 마련해 직접 보고하라"""정치,"文, 오후 법무차관·검찰국장 불러 면담..檢개혁 당부 메시지"정치,"文대통령, 오후 법무차관·검찰국장 '호출'..檢개혁 매진 당부"정치,여야 '檢개혁' 3+3회동..공수처 '평행선'-수사권 조정 '동상이몽'정치,막오른 '패스트트랙 시즌2'..여야 셈법은 제각각정치,"與野, 사법개혁안 처리 협상 시작했지만.. 날선 '공수처 공방'"정치,"李총리, 아베 총리와 회담 확정..""구체적 회담 시간 조율 중"""정치,한일 외교 국장급 협의..이낙연-아베 회담 조율 관측정치,"韓日외교국장, 李총리 방일 전 회동..강제징용·수출규제 논의"정치,"文대통령, 법무장관 '원포인트' 인선 방침..동반개각 없을 듯"정치,"靑 중폭개각 대신 '원포인트' 가닥..""조국 후임 준비 중"""정치,"文대통령, 법무부 차관·검찰국장 오후 면담..檢개혁 당부할 듯"정치,"한국·바른미래, '조국동맹'서 '反공수처동맹'이어가나"정치,"靑 '조국 여파' 개각설·靑개편설에 ""한번도 검토한 적 없다"""정치,"오신환 ""민주당의 공수처법, 절대 받아들일 수 없다"""정치,'수리온' 헬기 머리 맞댄 방산업계..우선구매 등 지원책 절실정치,"北, 한미해병대 연합훈련 지속에 ""북침연습 속 대화 불가"""정치,이철희 '불출마' 선언에 아쉬움·자기반성 보인 정치권정치,"금태섭 ""공수처가 정치적으로 중립? 순진한 생각"""정치,"'불출마' 이철희 ""20~30대 의원이 20명 넘어야 정치 달라져"""정치,"황교안 ""文대통령, 경제신호등 빨간불 무시..정책 대전환해야"""정치,"황교안, '민부론' 들고 대구行..현장 설명회 진행"정치,"규제특례·화평법 개정..한국당, 민부론 입법작업 착수"정치,총선 180일 앞으로..대구·경북선관위 위법행위 단속정치,창원성산 벌써 총선 열기..잠재 후보들 출전 채비정치,19·20대 총선서 꺾인 대세론..선거에 '무조건'은 없었다정치,"""정경심 수사기록 복사거부, 공통적 문제..檢수사관행 개선해야"""정치,"檢, 수사 속도보다 내용 초점.. 정경심 불구속기소 가능성도"정치,"법조계 ""정경심 구속 가능성 낮아져"".. 檢 ""원칙대로 수사"""정치,왜 김정은은 백마를 탔나? - 나폴레옹과 김정은정치,뜨거워진 '공수처'..바른미래 선택은?정치,공격위해 태어났다 세계최강 공격헬기 '아파치 가디언'정치,'정치성향' 범진보 45.1% 범보수 42.1%정치,"82년생 김지영, 개봉도 안 했는데 악플다는 사회"정치,"탁현민 ""조국보며 내 처지 비교..그저 무너트려야할 상징이었다"""정치,"""아덴만 파병 임무 완수했습니다"" 청해부대 29진 입항"정치,文대통령 지지율 42.0%..취임 후 최저치 또 갱신정치,"""정경심 수사기록 복사거부, 공통적 문제..檢수사관행 개선해야"""정치,"與 금태섭 또 소신발언 ""공수처·수사권 조정 방안 우려"""정치,"박지원 ""조국보다 더 센 후임으로 전해철이 적임자"""정치,"김성식, '불출마'이철희에 ""노는 꼴 못봐..정치 계속하시라"""정치,"금태섭 ""공수처가 정치적으로 중립? 순진한 생각"""정치,"금태섭 ""공수처가 정치적으로 중립? 순진한 생각"""정치,"文대통령, 법무장관 '원포인트' 인선 방침..동반개각 없을 듯"정치,"황교안 ""文대통령, 경제신호등 빨간불 무시..정책 대전환해야"""정치,이철희 '불출마' 선언에 아쉬움·자기반성 보인 정치권경제,"""구직여건 나쁘다는 얘기 들었지만…이 정도인지 몰랐다"""경제,"1·2차 제재 집행정지 받아낸 삼성바이오로직스, 긍정 시그널인가?"경제,"경총 ""5%룰 완화 철회하고 3%룰 도입해야"""경제,"[현장에서] ""남성, 마땅히 여성 존중해야"" 노벨경제학상 뒤플로의 뒤끝작렬 발언 나온 이유"경제,"현대重, 3조 규모 경항모 개념설계 수주"경제,"""한은 매파적 금리인하"" 평가에 국고채 금리 일제히 상승(종합)"경제,"[이슈+]삼성바이오 주가, 한 달 만에 33만원 회복…증선위 제재 집행정지"경제,"팬들 돈 빼돌린 연예인, 부동산 사다가 국세청에 딱 걸렸다"경제,"증권가 ""한은 매파적 금리 인하…내년 상반기 더 내릴 듯"""경제,"없는 쌍둥이 ""임신했다""···로또 분양이 부른 불법청약 막장극"경제,해외여행객 면세한도 초과 적발 1위 명품 핸드백…뜻밖 2위는?경제,"'극초미세먼지 필터 루프트' 'ㅅㄱㅊㅊㅇㅈㄱㅈ·ㅇㄴㅇㄷㅂ' 퀴즈, 정답 공개(허니스크린)"경제,36조원 움직이는 '큰손'도 두손 들었다...교직원공제회 결국 더케이손보 매각경제,‘작은 고추가 맵다’…전국 60㎡ 이하 소형 아파트 5년 동안 40% 올라경제,'탈세하고 호화생활' 연예인·유튜버 등 122명 동시 세무조사경제,"팬미팅 수입 빼돌려 초호화 생활 누린 연예인, 결국…"경제,"""한은 매파적 금리인하"" 평가에 국고채 금리 일제히 상승"경제,"기준금리↓에도 국고채 금리 상승..""추가인하 시간 걸린다"""경제,"기준금리 1.25%로 인하..이주열 ""정책여력 있다"""경제,기준금리 '역대 최저' 연1.25%로 인하..성장률 하향 예고경제,"아프리카돼지열병 발생 한 달.. ""남하는 막았지만 바이러스 토착화 될 수도"""경제,'집돼지'는 잡혀가는데 '멧돼지'는 계속 확산..아프리카돼지열병 발생 한 달경제,경기 연천서 아프리카돼지열병 의심신고..확진시 국내 15번째경제,기준 금리 '역대 최저'..부동산 시장 영향줄까경제,기준금리 또 인하..은행 예금·대출금리도 내릴 듯경제,기준금리 인하에 은행 예금·대출금리도 내릴 듯경제,한층 무거운 한은 금통위 분위기..금리 내릴까경제,"코스피 나흘째 상승..기관·외인 매수에 2,080선 회복"경제,"이주열 ""금리 낮췄지만 통화정책 여력 남았다"""경제,"우리은행, 펀드가입에 투자숙려제·고객철회제 도입 검토"경제,"우리은행, 투자숙려제도·고객 철회제도 도입 검토"경제,"우리은행, 노령층 해피콜 의무화..DLF사태 재발 막는다"경제,"IMF의 경고 ""경기침체 와도 맞서 싸울 탄약 부족해"""경제,"""중국 올해 경제성장률 6.2%"" 로이터 설문 전망치"경제,"신동빈 대법 선고 D-1..긴장하는 롯데 ""리더십 공백 없기를"""경제,한강 이남서 멧돼지 사체 잇따라 발견..농가·방역당국 긴장경제,가을태풍에 높아진 배춧값..올 김장철 金치 담글까경제,"카젬 한국GM 사장 ""임금 올리면 미래 경쟁력 구축 불가"""경제,한국지엠 노사갈등에 '철수설' 우려 증폭..산업은행도 근심경제,'산은·수은 통합론' 질타..한국GM·대우조선 등 현안도 관심경제,호실적 월가 함박웃음..골드만삭스만 울었다경제,"악재 쌓인 '위워크' 선택의 기로에..소프트뱅크냐, JP모간이냐"경제,"손정의의 위워크 되나..""소프트뱅크, 추가투자 검토"""경제,"우리은행 ""독일 DLF 조속한 '배상' 뜻""..DLF·ELF 등 오늘부터 판매 한시중단"경제,"DLS·DLF 피해자들 ""은성수 위원장, '공짜점심' 발언 사과하라"""경제,"우리은행, ""DLF 적극 피해보상할 것""..재발방지책 발표"경제,<68>노벨상을 기다리며 새 방향을 생각한다경제,CEO 코드<19>토리 버치-낮은 굽의 자신감경제,비행기 타고 삼시세끼.. 21시간 논스톱 직항 시대 온다경제,R&D 컨설팅부터 해외 진출까지 적극 도와.. 스타트업 '등용문'경제,요즘 내가 대세 #ABCD.. IT 어벤져스경제,두달 연속 취업자 30만명 넘게 늘었지만..40대·제조업은 찬바람경제,"팬들 돈 빼돌린 연예인, 부동산 사다가 국세청에 딱 걸렸다"경제,"아이들도 가진 청약 통장, 가점 챙기려면?"경제,가을태풍에 높아진 배춧값..올 김장철 金치 담글까경제,韓 관광객 26명 희생자 낸 다뉴브강 사고 '단순 부주의' 결론경제,직원15명 바이오벤처가 1.5조 수출대박낸 사연경제,7천만원대 수소차 넥쏘 4천만원으로 산다경제,"IMF의 경고 ""경기침체 와도 맞서 싸울 탄약 부족해"""경제,'탈세하고 호화생활' 연예인·유튜버 등 122명 동시 세무조사경제,"日 불매운동 트렌드 됐는데, 유니클로 매출 회복은 왜?"경제,"IMF의 경고 ""경기침체 와도 맞서 싸울 탄약 부족해"""경제,두달 연속 취업자 30만명 넘게 늘었지만..40대·제조업은 찬바람사회,"KBS구성원, '알릴레오'의 KBS기자 성희롱 발…"사회,"'뇌종양·뇌경색' 정경심, 입원확인서엔…병원·의…"사회,"숙명여고 교무부장 ""내가 분노의 타깃 됐다""···검찰은 7년 구형"사회,"경찰 ""윤 총경 직위해제... 금감원 계좌분석 따라 피의자 입건 계획"""사회,"증선위 제재 집행정지로 한숨돌린 삼성바이오..""자본시장 공정경쟁 외면"""사회,"선거구획정위, 21대 총선 충남 선거획정안 토론회"사회,"부대 무단이탈 20대 ""카투사 내부에 문제"" 항소심서 선처 호소"사회,"조국 동생이 빼돌린 교사채용 시험문제, 동양대가 출제"사회,"'유령주식' 팔아치운 삼성증권 직원 13명, 48억 뱉어내야"사회,"[퇴근길 뉴스] 힘들게 입 뗀 최자 “설리, 무척 보고싶다”"사회,제주 명상수련원서 50대 숨진 채 발견…경찰 수사사회,"""강간 당해야 처벌하냐"" '신림동 강간미수 男' 강간미수죄 무죄, 여성들 분노"사회,"[단독]檢 ""조국 동생 '넘어졌다'는 그곳, CCTV 뒤져보니 거짓"""사회,정경심 6차 소환…뇌종양 관련 '정형외과 입원증명서' 제출사회,"'뇌종양·뇌경색' 정경심, 입원확인서엔…병원·의사 이름도 없이 정형외과만 찍혀"사회,설리 부검 국과수 “타살 혐의점 없다”(종합)사회,"檢 ""정경심 뇌종양·뇌경색 의심···증명서엔 의사명·직인 없어"""사회,"[단독]검 ""정경심 입원증명서 의사 이름 없다""···조국 ""가짜면 범죄, 원본 제출할 것"""사회,"경찰, 설리 부검결과 “범죄 혐의점 없어”… 수사 종결 예정"사회,'맞선·마중·집 안'…일상 파고든 이춘재의 잔혹 행각사회,설리 부검 결과 “타살 혐의점 없음”사회,부마항쟁 발원지 부산대서 항쟁 40주년 기념 표석 제막식사회,유신독재 무너뜨린 부마항쟁 40주년 기념 표석 건립사회,"""때가 왔다. 나가서 싸우자"" 부마항쟁 그날의 생생한 증언"사회,배우 조진웅이 직접 읽은 '거대한 불꽃 부마민주항쟁'사회,"전주 여인숙 방화범 국민참여재판 받는다..""12월 중 진행"""사회,"'노인 3명 사망' 전주여인숙 방화범, 배심원 앞에 선다"사회,"검찰, 중단 없는 개혁 추진"사회,'검사 직무감찰' 대검 감찰부장에 판사 출신 한동수 변호사사회,"윤석열, 한겨레 기자와 취재원 고소 뭐가 문제일까"사회,"한겨레 '윤석열도 윤중천 별장서 접대' 보도, 거센 후폭풍"사회,"알릴레오 '수사내용 유출' 논란에 검찰 ""그런일 절대 없다"""사회,"알릴레오 ""검사가 기자 좋아해 흘려"".. 檢 ""명백히 사실과 달라"""사회,'알릴레오' 성희롱에 KBS 기자들 반발..유시민 사과사회,증선위 '삼성바이오 1·2차 제재' 효력정지 대법서 확정사회,"증선위 삼바 1·2차 제재 집행정지 확정..法 ""회복 어려운 손해 우려"""사회,"대법, 증선위 '삼성바이오 1·2차 제재' 모두 집행정지 확정"사회,"부대 무단이탈 20대 ""카투사 내부에 문제"" 항소심서 선처 호소"사회,"민주노총, 대규모 결의대회..한국GM 비정규직 해고자 복직 요구"사회,스틸병 등 희귀질환 91개 추가 지정.. 환자 부담 크게 낮아져사회,"전남대병원 노조 ""채용 비리 처벌·체불 수당 지급"" 촉구"사회,'이재명-보수 유튜버' 손해배상 사건 2심 간다사회,"'골목길 소화전' 무용지물..쓸 줄도, 쓸 수도 없는 걸요"사회,"'노인 3명 사망' 전주여인숙 방화범 ""국민참여재판 받겠다"""사회,"3명 숨진 전주 여인숙 방화범 첫 공판..""국민참여재판 원한다"""사회,전북 해안가에서 멧돼지 사체 발견..아프리카돼지열병 감염 여부 확인중사회,고창 해안가서 멧돼지 사체 발견..돼지열병 연관성 검사사회,고창 해안가서 멧돼지 사체 발견..ASF 감염여부 분석 의뢰사회,"제주도의회, 제2공항 공론조사 놓고 '내홍'"사회,제2공항 공론화 격론..제주도의회 행감 첫날부터 파행사회,"제주도의회, 제2공항 공론화 독자적으로 추진..""마지막 기회"""사회,'나는 살인자입니다' 15년 만에 자백한 뒷이야기사회,'수입' 과자인데 싼 이유는?..세계과자할인점 궁금증 풀어봤다사회,"힘들게 입 뗀 최자 ""설리, 무척 보고싶다"""사회,쓸데없다는 세상의 진정한 가치사회,"""차라리 우리 모두를 다 죽여라!"" 분노한 시민들이 일어났다"사회,'공시'로 갈아타는 수능 1타 강사들사회,"광주시립미술관, '된장녀' 연상 작품 전시 논란"사회,"""초등생도 내가.."" 귀를 의심케한 이춘재의 잔혹함"사회,"'의붓아들 살인 혐의' 고유정, 제주지검으로 사건 이송"사회,"검 ""정경심 입원증명서 의사 이름 없다""..조국 ""가짜면 범죄, 원본 제출할 것"""사회,"'어깨 수술' 박근혜, 57평 병실서 입원비 절반인 30평으로 옮겨"사회,첫 출근 베트남 여성 약 먹여 성폭행..모텔 업주 징역 4년사회,정경심 6차 소환..뇌종양 관련 '정형외과 입원증명서' 제출사회,"유시민, 알릴레오 성희롱 논란 사과 ""저의 큰 잘못..깊이 반성"""사회,정경심 6차 소환..뇌종양 관련 '정형외과 입원증명서' 제출사회,"검찰 ""개혁작업 중단없다""..조국 사퇴 이틀 만에 공식입장"사회,"'어깨 수술' 박근혜, 57평 병실서 입원비 절반인 30평으로 옮겨"문화,"""미탁 한반도 상륙 5일전에 정확히 맞춰…올해 태풍진로 예측 선진국보다 오차 적었다"""문화,"북한산 첫 단풍', 설악산 절정...전국이 울긋불긋"문화,"‘프듀’ 참가자들, PD수첩서 “PD픽, 특정 기획사 밀어주기 있었다” 주장"문화,"50~60대 유방암 환자, 대사성 질환도 눈여겨 봐야"문화,"저물어가는 가을, 불면증 극복하는 4가지 방법"문화,"팬미팅 수익 빼돌렸다 ‘덜미’…국세청, 유튜버 등 122명 세무조사"문화,"설리 옛연인 최자 ""인생 아름다운 순간 함께 해…보고 싶다"""문화,"직장 다니며 부업으로 카페 연 후배, 1년 후"문화,"이효리 앉았던 바위, 이젠 1시간 줄 서야 합니다"문화,"제네시스, 2020년형 G70 출시"문화,"불매운동 끝? “유니클로 매출, 오르는 이유는…”"문화,'어머니 교회' 새문안교회까지···명성교회 세습 반발 커진다문화,"연예인도 사람... ""창녀 같다 악플에 살인충동"""문화,"최자, 故 설리 추모 ""인생 가장 아름다운 순간 함께…무척 보고싶다"""문화,[분석+] 팰리세이드 교훈…셀토스 너무 잘 팔려서 또 '문제'문화,"신라 고분 출토 5세기 말갑옷, 10년만에 보존처리 완료"문화,신라 행렬도 토기에 나타난 고구려 문화요소는 무엇일까문화,수렵·무용 모습 그린 1천500년전 신라 행렬도 발견문화,사냥·무용 모습 그린 1천500년전 신라 행렬도 나왔다문화,"""혈중 단백질 구조 보면, 알츠하이머 위험 십수 년 전에 안다"""문화,"4~5세기 가야 토기, 초기 일본 토기에 파급 영향줬다"문화,철원 민통선 안 멧돼지 폐사체서 돼지열병 바이러스..7마리째문화,공중화장실 문고리 등서 병원균 13종 발견..사용후 2%만 제대로 손씻어문화,콘텐츠산업 키운다더니..정부 콘텐츠 예산은 '제자리걸음'문화,"400년 전, 임진왜란 직후 교토로 간 외교사절 사명대사"문화,"영유아 개물림 사고, 올해 96건..맹견 관리도 부실"문화,"기상청 ""연내 태풍 추가로 한국 올 가능성 거의 없어"""문화,'척추관협착증' 5년 새 30% 증가..허리디스크와 차이는?문화,"""소녀상 전시 중단은 '검열'..재개 기쁘지만 조건부라 죄송"""문화,태풍의 두 얼굴문화,"맨부커상 '방랑자들', 여행 키워드로 거대 서사 축약"문화,액상형 전자담배 독성 논란.. 과학적 정보 투명하게 공개해야문화,과연 슈퍼엠은 BTS의 뒤를 이을 수 있을까?문화,"정유미, ""82년생 김지영, 바쁜 세상 속 쉬어가는 영화"""문화,미니정보: 베네치아에서 카사노바의 흔적 따라 걷기문화,신발 바깥쪽 닳고 잘 넘어지는 '안짱다리' 아이 어쩌나문화,히틀러 오른팔을 속인 '위작 영웅'문화,흙·지하수·살충제에도 있다..사약 주성분이었던 이것문화,"알코올성 지방간, 금주하면 회복 가능"문화,아프리카돼지열병이 몰고 온 '살처분 공포'문화,유튜버 부부의 영화같은 신혼집 인테리어문화,"화장실보다 수백 배 더럽다는 '부엌', 어떻게 관리해야 할까?"문화,"""혈중 단백질 구조 보면, 알츠하이머 위험 십수 년 전에 안다"""문화,추우니까 사우나나 갈까? '이 질환' 있다면 위험문화,"""억새축제의 계절""..18일부터 하늘공원 임시개방"문화,꿈에 다이아몬드가 반짝..당첨 됐구나 싶었는데문화,"""서핑하다 피부 찢어지고 척추 손상"" 강원 동해안 375명 응급실"문화,소요산 등산객이 포착한 멸종위기 천연기념물 산양문화,"'언론 성찰' 부탁한 문 대통령, 불만 쏟아낸 언론들"문화,소요산 등산객이 포착한 멸종위기 천연기념물 산양문화,"국내 내시경 검사·진료 소화기내과 의사, 번아웃 증상 심각"문화,"""서핑하다 피부 찢어지고 척추 손상"" 강원 동해안 375명 응급실"세계,"아베,오랜만에 ""한국과 대화""…하지만 또 ""약속지켜라"""세계,中 급소 '홍콩 민주주의' 건드린 美…보복 예고한 中 (종합)세계,탄핵 위기 트럼프의 ‘핵폭탄’으로 돌아온 볼턴세계,"""브렉시트 시작도 안 했는데 비용 벌써 106조원 넘어"""세계,종말 기다리며…지하실서 수년간 생활한 사람들세계,볼턴 “수류탄” vs 줄리아니 “핵폭탄”…트럼프 전현직 참모 설전세계,네가 왜 거기서 나와?…수심 113m 호수서 낚인 야생 고양이세계,"후쿠시마 또 비극···물 빠지자 사망 27명, 아베 ""대지진급 대응"""세계,종말 기다리며 9년간 지하실에 숨어 산 네덜란드 가족 발견세계,"아베 ""침몰 北어선 위법 미확인""…日정치권 강경대응론에 반론"세계,"""한국에 시비조인 것 이상해"" 유니클로 회장, 日비판"세계,"美하원, 홍콩 인권법 통과시키자… 中 즉각 “단호히 반격”"세계,네가 왜 거기서 나와?…수심 113m 호수서 낚인 야생 고양이세계,일본판 세월호 데자뷔인가... 아베 태풍 강습시 관저 안나와 [특파원+]세계,"30년간 1번 빼고 다 맞힌 족집게 ""트럼프 재선 쉽게 이긴다"""세계,"터키, 쿠르드 공격 7일째···트럼프 배신에 25만명 피란길 악몽"세계,“찬장 뒤 비밀계단…” 수년간 지하실서 숨어지낸 네덜란드 가족세계,"중국 ""대북 제재 성실히 이행 중""..美 불만 제기 일축"세계,"미 국방 차관보 ""중국, 대북제재 이행 더 잘 하길"""세계,"美국방 차관보 ""대북 제재 압박 유지..中, 더 큰 역할해야"""세계,홍콩인들 NBA 스타 르브론 제임스 유니폼 불태워..왜?세계,"美 농구스타 르브론, 홍콩 시위 발언 역풍..유니폼 화형식도"세계,"미 하원, 홍콩시위대 지지를 위한 3개 법안 통과"세계,"우크라 스캔들 여파 휘말린 바이든 ""내 아들, 잘못한 것 없다"""세계,'워런 리스크' 현실화 될라..美 월가 경계감 확산세계,"美 민주당 대선 주자들 ""트럼프 탄핵·시리아 철군 반대"" 한 목소리"세계,中 급소 '홍콩 민주주의' 건드린 美..보복 예고한 中세계,"中, 美 홍콩 인권법 통과에 '보복' 시사..""간섭하지 말라"""세계,"中, 美 '홍콩 인권법안' 통과에 ""반격 조치할 것"" 강력 반발"세계,"""종말 기다리며.."" 9년간 지하실에 숨어 산 네덜란드 가족 발견"세계,'지구 종말 온다' 믿고..네덜란드 6남매 9년간 숨어지내세계,"네덜란드, 종말 기다리며 9년간 지하감금 생활한 6남매 구출"세계,"美캘리포니아 연속 지진에 주민 불안..""30년 전 악몽 떠올라"""세계,"""英, 시리아내 자국 출신 지하디스트 송환·처벌 검토"""세계,美 제재에도 화웨이 3분기 실적 양호..매출 24% 증가세계,"베트남 하노이 상수원, 폐유로 오염..식수 확보 대란"세계,"아베 ""침몰 北어선 위법 미확인""..日정치권 강경대응론에 반론"세계,"베트남 ""남중국해 中 행위, 지역 안보 위협"""세계,'남중국해는 중국땅' 애니메이션에 베트남이 '발칵'..왜?세계,"베트남 ""남중국해 中 행위, 지역 안보 위협"""세계,모두 버티기 들어간 '우크라 스캔들'..백악관은 꼬리 자르기세계,"美민주당, 트럼프 탄핵조사 공식투표 않기로 가닥"세계,"'취임 1000일' 맞는 트럼프, 무너진 탄핵 바리케이드에 휘청"세계,"""브렉시트 시작도 안 했는데 비용 벌써 106조원 넘어"""세계,"""英-EU, 밤샘 브렉시트 협상서 일부 진전..협상 재개"""세계,"EU·영국, 밤샘 협상에도 브렉시트 합의 도출 실패"세계,트럼프 탄핵 정국과 언론의 과제세계,"""장애인은 배우 못해?"" 학교 상대 법정투쟁 승리한 청년"세계,프랑프랑이 카페 사업에 진출하는 이유세계,오션바이킹과 '정찰기' 문버드..진화하는 지중해의 구조 단체들세계,숨쉬기도 힘들다..인도네시아 팔렘방 사상 최악 스모그세계,"""종말 기다리며.."" 9년간 지하실에 숨어 산 네덜란드 가족 발견"세계,"네덜란드, 종말 기다리며 9년간 지하감금 생활한 6남매 구출"세계,이탈리아 섬마을이 관광객에 구글맵 사용 말라 요청한 이유세계,"美캘리포니아 연속 지진에 주민 불안..""30년 전 악몽 떠올라"""세계,"'안팎이 달라요' 日 ""국내선 핵폐기물 분실..국제회의 주도도"""세계,"美 농구스타 르브론, 홍콩 시위 발언 역풍..유니폼 화형식도"세계,"""한국에 시비조인 것 이상해"" 유니클로 회장, 日비판"세계,中 급소 '홍콩 민주주의' 건드린 美..보복 예고한 中세계,"아베 ""대화해야""..李총리 방일 앞두고 한일관계 중요성 언급"세계,"""한국에 시비조인 것 이상해"" 유니클로 회장, 日비판"세계,"""하기비스, 100년에 한번도 있기 어려운 폭우 동반했다"""세계,"터키 배치된 美 핵폭탄은 어쩌나..""인질로 붙잡힌 셈"""IT,"삼성전자 '갤노트10' 보급형 모델, '아이폰11' 대항마 될까"IT,“넥슨은 모바일 MMORPG 시장에서 언더독…V4로 판 흔든다”IT,"""연내 증차 없다"" 물러선 타다, 국토부 상생안 힘받나"IT,"'제스처 인식' 구글 픽셀4, 인피니언 레이더 칩 탑재"IT,시스코코리아 “2020년에도 성장 자신있다”IT,설리 비극적 선택에 인터넷 실명제 도입 요구 다시 '꿈틀'IT,오래 쓰면 호갱? 이통사 장기고객 혜택 '무용지물' [김은지의 텔레파시]IT,전국 달리겠다던 '타다' 일단멈춤…왜?IT,인도양 나비가 ‘태풍 떼’를 부르다IT,"정부 경고, 택시 반발에 '1만대 증차' 계획 꺾은 타다"IT,"구글, 에어팟 대항마 '픽셀 버즈2' 공개"IT,"백기 든 타다, ""렌터카 차량 더 안 늘린다...요금도 올릴 것"""IT,"정부·택시업계 반발에 백기 든 타다, “1만대 증차 계획 중단”"IT,"정호영 LGD 사장 직원에 첫 이메일 ""생존 위협...OLED 전환 속도 내자"""IT,당신이 잠든 사이에 휴대전화 충전하면…IT,혈관청소 돕고… 튀김 요리도 건강하게… 착한 오일 ‘高올레산유’를 아시나요?IT,라이엇 최초의 신규 IP '레전드 오브 룬테라' 어떤 게임일까?IT,라이엇 신작 '레전드오브룬테라' 사전체험 '돌입'IT,10주년 '리그오브레전드'..모바일·콘솔 버전 나온다IT,"""연내 증차 없다"" 물러선 타다, 국토부 상생안 힘받나"IT,전국 달리겠다던 '타다' 일단멈춤..왜?IT,"""1만대 증차?"" 택시에 백기 든 타다..연말까지 '베이직' 증차 중단"IT,"넥슨, 지난해 게임대상 '최우수상' 받았던 '듀랑고' 서비스 종료"IT,"""2년도 안됐는데""..넥슨, '야생의 땅: 듀랑고' 서비스 종료"IT,넥슨 '야생의 땅: 듀랑고' 서비스 닫는다IT,"'V4'로 도전장 던진 넥슨 ""리니지에 지지 않겠다"""IT,블랙홀 주변서 서로 반대 방향으로 도는 가스원반 관측IT,여객기 이코노미석 좌석 간격 넓어질까?IT,"삼성SDS ""現 블록체인 성능, 방대한 데이터 처리에 무리"""IT,"불붙은 CPU 치킨게임.. 삼성·SK, 숨통 트이나"IT,인도양 나비가 '태풍 떼'를 부르다IT,여성들만의 첫 우주유영 내일부터 이틀간 진행IT,'흥망성쇠 20년' 싸이월드..이제 끝인가IT,"""심폐소생술로 살렸지만""..싸이월드, 언제 터질지 모르는 '시한폭탄'"IT,다시 열린 싸이월드..부활은 아직 먼길IT,"'오렌지색과 청홍백'..NASA, 2024년 달 착륙 우주인이 입을 우주복 공개"IT,"NASA, 달 탐사 위한 '새 우주복' 공개..100도도 견딘다"IT,"최기영 장관 ""달탐사 꼭 성공시키겠다"""IT,"""ID 대여 원천 금지인데""..던전앤파이터 계정, 무더기 거래 주의보"IT,"""고용안정"" vs ""생존위기""..게임업계 메카 '판교의 두 얼굴'"IT,"넥슨, 하반기 공채 안뽑는다..조직개편으로 재도약 '시동'"IT,"""12년 내 첫 '우주 베이비' 태어날 것..단, 지원자 있다면"""IT,손쉽게 즐기는 SRPG '나선영웅전'IT,오래 쓰면 호갱? 이통사 장기고객 혜택 '무용지물'IT,물만 마셔도 화장실에? 당신의 장이 약한 이유IT,달에 인류의 기지를..달 표면서 산소 추출할 수 있다?IT,인도양 나비가 '태풍 떼'를 부르다IT,"""12년 내 첫 '우주 베이비' 태어날 것..단, 지원자 있다면"""IT,"중국, 아파트 승강기까지 안면인식 CCTV..주민들 반발"IT,자주 깜빡깜빡 하면 '오메가3' 부족하다는 신호IT,"삼성SDS ""現 블록체인 성능, 방대한 데이터 처리에 무리"""IT,"'최고 203만원' 아이폰11시리즈, 25일 韓 출격"IT,"불붙은 CPU 치킨게임.. 삼성·SK, 숨통 트이나"IT,"'오렌지색과 청홍백'..NASA, 2024년 달 착륙 우주인이 입을 우주복 공개"IT,"文정부, '노란딱지'로 정부비판 유튜버 탄압? 사실은"IT,"불붙은 CPU 치킨게임.. 삼성·SK, 숨통 트이나"IT,여객기 이코노미석 좌석 간격 넓어질까?IT,한발 물러서는 타다..11인승 베이직 증차 중단정치,"유시민 ""황당하다·뭐 이런 판결이 다있나""… 이재명, 대법원 파기 환송 예측"정치,"나경원 ""특수부 없애면서 공수처 설치 모순…조국 살리기 의심"""정치,"[단독] 교육방송인데…EBS, 지난해 방심위 제재 중 절반이 ‘與 정치편향’"정치,"이인영 ""바른미래당 권은희 공수처안, 협의 열어놓고 있다"""정치,"유시민 ""여기자 발언 사과""…기자협 ""정식 사과하라"""정치,"여야 만났지만, 공수처 입장 차만 확인…제2의 조국대전 되나"정치,[포착] 백마 탄 남매…김정은 위원장 뒤 김여정·현송월정치,아베 “한국 중요한 이웃… 대화 계속할 것”정치,고비 때마다 백두산 오른 김정은… 北·美 관계 새 결정 내리나정치,이낙연의 심장은 여의도 향해 뛰는데…조국에 막혔다정치,태영호 “南 이겼다면 손흥민 다리 부러졌을것”정치,민주 “공수처 설치” 한국 “옥상옥”…검찰 개혁 한 발짝도 진전 없었다정치,"한국·바른미래, '포스트 조국 정국'서 흐트러지는 공조"정치,"文대통령, 오늘 긴급 경제관계장관회의 주재…엄중한 경제상황 직접 챙긴다"정치,"與일각 '조국 책임' 노영민·강기정 사퇴 요구… 靑은 ""인적 쇄신 없다"""정치,‘불출마’ 외치고 팩스로는 아니라고 해명한 한국당 의원들정치,"한국·바른미래, '포스트 조국 정국'서 흐트러지는 공조"정치,"박주민 ""여전히 정치 쟁점화 매달리는 한국당..국민들 힘빠져"""정치,"여야 3당, '합의 처리' 원칙만 공감대..'反공수처동맹' 될까."정치,"""검찰 아주 강력한 자정방안 내라"" 데드라인 못박은 文대통령"정치,조국 사퇴에도 한국당 장외집회 강행정치,"여당내 부글부글 ""이러다간 수도권·PK서 다 죽는다"""정치,"황교안 ""文 지지율에 與 난리..바보는 실수를 집요하게 끌고가"""정치,"이총리, 열흘 뒤 민주화 이후 '최장수 총리' 기록 세운다"정치,"매달 꼬박꼬박.. 한일 외교국장, 수출규제·징용판결 논의"정치,"한일, 대화 공감대에도 ""여전한 간극""..李-아베 회담 일정도 미확정"정치,"종반 향해가는 국정감사, 오늘 12개 상임위..법사위·외통위 주목"정치,"'윤석열 출석' 법사위, 조국 공방 정점 전망..13개 상임위 국감"정치,"여야, 국감 14일차..대검찰청서 사실상 조국 대전 마지막 격돌"정치,"DJ 삼남 김홍걸, 내년 4월 총선 출마..""지역구·비례 여부 미정"""정치,"김홍걸, 내년 총선 도전 시사..'DJ 아들' vs 'DJ 비서실장' 맞붙을까"정치,"DJ 3남 김홍걸, 내년 총선 출마 시사..""목포에 애정 가져"""정치,"軍도 사용하는 수리온 헬기, 민관도 사용해야 수출길 열려"정치,檢개혁 대통령이 직접 챙긴다..'조국 공백' 장기화 대비정치,"美하원 '北시리아 철수는 잘못"" 결의안..협공받는 트럼프"정치,중앙부처 여성 고위공무원 수 지난해 첫 100명 넘었다정치,야생 멧돼지 덮치는 돼지열병.. 불안 여전정치,"""정경심 수사기록 복사거부, 공통적 문제..檢수사관행 개선해야"""정치,"""정경심 수사기록 복사거부, 공통적 문제..檢수사관행 개선해야"""정치,"檢, 수사 속도보다 내용 초점.. 정경심 불구속기소 가능성도"정치,"'반(反)조국→반문(反文) 집회' 한국당, 이번 주말 집회 ""대국민보고대회 열기로"""정치,"한국당, 19일 주말집회 개최 결정..""황 대표 의지 반영"""정치,"한국당, '공수처 저지' 총력전..19일 '국정대전환' 광화문 집회"정치,"""아직은"" 조국 역할론 선긋는 여당..총선 출마는 검찰 손에"정치,"정청래 ""이철희 '괴롭다' 하소연 직접 들어"""정치,"최재성 ""조국 복직은 당연한 일..조롱은 지나치다"""정치,평양의 냉대에 담긴 메시지정치,"유승민 ""만날 용의""..황교안 ""필요 시 만남"""정치,"백마 타고 백두산행·깜깜이 남북 축구, 김정은 중대 결심 임박?"정치,"황교안 삭발 뒤 첫 만남, 악수는 나눴지만.. / 김성식 ""이철희 노는 꼴 못 봐"""정치,"박범계 ""이상직 이사장, 아무래도 총선 출마 못하실 거 같은데.."""정치,"김정은, 백마타고 백두산 오른 모습 과시 ""美가 강요한 고통, 이제 인민 분노로 변해"""정치,"여권 내부서 ""조국 사태, 책임 통감하는 자 없어.."" 첫 거론"정치,조카손주 돌보고 3290만원 꿀꺽..'아이돌보미'의 구멍정치,"탁현민 ""조국보며 내 처지 비교..그저 무너트려야할 상징이었다"""정치,백마 탄 남매..김정은 위원장 뒤 김여정·현송월정치,"이총리, 열흘 뒤 민주화 이후 '최장수 총리' 기록 세운다"정치,"김성식, '불출마'이철희에 ""노는 꼴 못봐..정치 계속하시라"""정치,'불출마' 외치고 팩스로는 아니라고 해명한 한국당 의원들정치,"대구 찾은 황교안 ""文 지지율에 與 난리..바보가 끌고가면 망해"""정치,'불출마' 외치고 팩스로는 아니라고 해명한 한국당 의원들정치,"민주 ""공수처 설치"" 한국 ""옥상옥""..검찰 개혁 한 발짝도 진전 없었다"정치,"""조국사태 책임지는 사람 한명도 없어"".. 여권내 커지는 쇄신론"경제,동영상 기사경제,우리 한복이 기모노라고?…애플의 황당한 사진분류법경제,'테슬라'가 부른 '카스·테라' 전쟁…오비맥주 4번째 값 인하경제,삼성 브랜드가치 600억달러 돌파…세계 6위·아시아 선두경제,[증시브리핑] ‘홍콩 인권법’ 하원 통과에 미중협상 불안…美 증시 하락경제,[줌인드럭]싼맛에 약 해외직구 했더니 병만 더 키웠다경제,"서울 그린벨트, '묻지마 투자' 심각…96%가 '절대보전지역'"경제,연예인·유튜버 '지능 탈세'…122명 세무조사경제,[뉴스분석] ‘전인미답’ 1.0% 기준금리 향하는 한은… 함께 커지는 저금리 딜레마경제,"기성세대 무책임에 분노…청년들 ""소득 절반 보험료로 낼 판"""경제,[뉴스 분석] 기준금리 다시 역대 최저… 내년 ‘금리 1%시대’ 오나경제,"文정부의 年10조 청년전세 정책… 영등포 전세, 강남보다 비싸졌다"경제,3억2000만원 보이스피싱 사기 당한 30대 교사의 기막힌 사연경제,"""구직여건 나쁘다는 얘기 들었지만…이 정도인지 몰랐다"""경제,'가보지 않은 길' 사상 최저 기준금리 효과 '미지수'경제,"""유니클로 다시 북적인다"" 소식에 매장 가보니"경제,"""쓰레기 대신 버려드려요"" 中 휘감은 게으름뱅이경제"경제,'팔수록 손해'..은행서 사라지는 2년 만기 정기예금경제,진정 국면 가계빚 급등 우려.. 경기 부양 카드 소진 불안감도경제,기준금리 다시 역대 최저.. 내년 '금리 1%시대' 오나경제,한은 추가인하 시사.. '제로금리' 가능성경제,예고된 성장률 하향..2%대 지키려면 3·4분기 0.6% 성장해야경제,저성장·저물가에 저금리 대응.. 올 성장률 2.0%로 낮추나경제,'전인미답' 1.0% 기준금리 향하는 한은.. 함께 커지는 저금리 딜레마경제,추가 금리 인하 열어두고..양적완화 '극약처방'까지 언급경제,기준금리 1.25%로 또 낮춰 '역대 최저'..경기 살릴까경제,'경기' 모닥불에 '장작' 더 넣었다..다시 최저금리경제,'노인일자리' 늘렸다고 좋아할 때 아니다..40대 취업난 아프게 봐야경제,9월 고용률 23년 만에 최고.. 30~40대는 아직 '칼바람'경제,사실상 '고용 쇼크' 탈출했지만.. 취업자 60세이상 고령층에 집중경제,"""양도차익 10억 넘는 '로또주택' 판 셋 중 하나는 강남3구 주민"""경제,"상폐문턱서 기사회생, 티슈진 앞에 놓인 '3개 선택지'"경제,"""쓰레기 대신 버려드려요"" 中 휘감은 게으름뱅이경제"경제,3대 지수 하락..부진한 소매판매+지정학적 불확실성경제,200만원 넘는 고가폰 나와도 단말기 보험은 '효자상품'경제,"시중은행 정기예금 금리, 내주부터 연 1% 초반대로 '뚝'"경제,애경 스톤브릿지에 러브콜..아시아나 인수戰 현산과 2파전?경제,'HDC·미래에셋'으로 기우는 아시아나 매각경제,아시아나 유력 인수후보 여전히 안갯속..정유사 참전·호남여론 변수로경제,"""제2의 DLF사태 막자"" 고객 자산관리 강화"경제,"우리은행, 펀드가입에 투자숙려제·고객철회제 도입 검토"경제,"우리은행 ""독일 DLF 조속한 '배상' 뜻""..DLF·ELF 등 오늘부터 판매 한시중단"경제,"이주열 ""금리 외 통화정책 수단 연구..도입상황은 아냐"""경제,IMF 올해 한국 경제성장률 2%..세계 성장률 3%로 2009년 이후 최저치경제,"기재차관 ""우리나라 성장률 전망, 크게 떨어진 것 아니다"""경제,"칼리브라 CEO ""규제 압력 불구, 리브라 개발 의지 굳건"""경제,"""블록체인 '빠른 속도'가 가장 중요..솔라나가 속도에 집중하는 이유"""경제,마이너스통장 한도 증가.. 빚 폭탄 터질라경제,연령 차별 논란 임금피크제..생애 소득은 확 늘어경제,모바일신분증이 가져올 미래경제,주52시간제 확대에 '무리수' 던진 청와대경제,"시중은행 정기예금 금리, 내주부터 연 1% 초반대로 '뚝'"경제,"식약처, 수출용 '메디톡신' 강제 회수·폐기 명령..국내용도 조사"경제,"전용 60㎡이하 소형 아파트 강세..""자금 마련 부담 덜 해"""경제,사실상 '고용 쇼크' 탈출했지만.. 취업자 60세이상 고령층에 집중경제,7兆 역대 최대 '한남동 재개발' 잡아라경제,"""요즘 누가 권리금 내요?"" 맥 못추는 상가들"경제,3억2000만원 보이스피싱 사기 당한 30대 교사의 기막힌 사연경제,주52시간제 확대에 '무리수' 던진 청와대경제,3억2000만원 보이스피싱 사기 당한 30대 교사의 기막힌 사연경제,110억 운송적자에 100억 지원받아.. 순익 2배 넘는 46억 배당잔치경제,"""요즘 누가 권리금 내요?"" 맥 못추는 상가들"사회,"'알릴레오' 장용진 기자 ""그런 뜻 아녔다… 내 불…"사회,"정경심, 자정 무렵 귀가…'정형외과' 뇌종양 증명…"사회,"[단독]웅동학원에 관여 안 했다는 조국, 교사 채용 시험문제 출제"사회,철원 민통선 내 멧돼지 사체서 또 돼지열병…7마리째사회,동영상 기사사회,"서울 도심 멧돼지 소동…""잦은 출몰에 돼지열병 불안도"""사회,"[단독] 조국 동생, 허리 다쳤다던 상가서 멀쩡히 활보"사회,"정경심, 자정 무렵 귀가…'정형외과' 뇌종양 증명서 제출"사회,"""성매수남에 신상정보 발설했다""고 지적장애여성 살해·암매장"사회,지적장애 20대女 집단폭행 후 살해·암매장 일당 법정 行사회,'지적장애 20대 여성 살해·암매장' 일당…법의 심판 받는다사회,‘다크웹 음란물’ 이용자 300여 명 검거…한국인이 220여 명사회,"[단독]웅동학원에 관여 안 했다는 조국, 교사 채용 시험문제 출제"사회,"김어준 ""미투, 文정부 겨냥한 공작으로 변질될 것""… 탁현민, 성폭행 발언 김용민에 ""교통신호 어긴 정도"""사회,정경심 교수 6번째 소환…‘입퇴원증명서’ 두고 검찰-변호인 공방사회,교사 채용에 1억 부른 조국 동생… 2000만원 깎아주며 설득도사회,"“한국인은 역시 냄비네” 유니클로 북적, 일본의 조롱"사회,[사건후] 아내 외도 의심도 모자라…컵라면에 농약까지 탄 남편사회,"""이거 먹고 살 뺐어요"" 인스타 여신의 배신"사회,"檢 ""정경심 입원 증명서, 병원·의사 이름도 없어… 무효"" [조국 사퇴 이후]"사회,정경심 자정 귀가…의사·병원名 없는 뇌종양 진단서 논란(종합2보)사회,정경심 자정 귀가..의사·병원名 없는 뇌종양 진단서 논란사회,"정경심, 검찰 출석 11시간만에 귀가..7차 소환 예고"사회,정경심 6차 소환 11시간만에 귀가..'뇌종양 진단서' 논란사회,"정경심, 6번째 소환 11시간 만에 귀가..'뇌종양 진단서' 신경전"사회,'화성 사건'도 묻힐 뻔..미제사건 25년 지나면 기록 폐기사회,"'화성 8차' 범인 옛 동료 ""나 몰래 방 드나들기 어려워"""사회,"1달에 1번은 밤길 나선 이춘재..""충동적 살인 중독"""사회,"""심부름앱 부르니 성범죄 전과자가""..늘어나는 사각지대"사회,택배원으론 취업 못 하는데..'배달 대행 기사'는 가능?사회,성범죄 전과자가 배달업 종사..막을 '법' 없어 불안사회,"법무부 개혁위, '사건 전자배당' 전환 추진..검찰 지휘부 힘 뺀다"사회,"별건수사 금지, 수사 끌면 감사..'인권수사규칙' 입법예고"사회,"""별건수사 금지, 심야조사 제한""..법무부, 입법예고"사회,"윤석열, 국감 증언대 선다..'조국 수사' 입장표명 주목"사회,'윤석열 대검' 오늘 국감..'조국수사·검찰개혁' 쟁점사회,조국 떠나고 남은 윤석열.. 오늘 국감장 선다사회,'지적장애 20대 여성 살해·암매장' 일당..법의 심판 받는다사회,"외면당한 '한인 성공신화'..'포에버21', 1170명 대규모 감원"사회,아내 외도 의심도 모자라..컵라면에 농약까지 탄 남편사회,농어촌공사 500억 이상 수상태양광사업 표류..이유는?사회,"""홍수대책 부처별 중복..통합하면 예산 아끼고 사업 빨라져"""사회,파주 민통선 야생멧돼지 총기 포획 이틀간 23마리 잡아사회,정부의 '판단 미스'가 불러온 '집단 살처분 비극'사회,야생 멧돼지 처리 시기 놓쳐.. 돼지흑사병 사태 키웠다사회,"이수정 ""이춘재 가학적 성도착증, 여성 물품 집착·강간살인 중독"""사회,화성 이춘재 자백 파장..청주로 번진 '강압수사' 논란사회,"""초등생도 내가.."" 귀를 의심케한 이춘재의 잔혹함"사회,허울 뿐인 아빠 육아..'회사 눈치' 문제 가장 커사회,"""한국에서 아이를 낳으라고?"" 저출산 문제, 어떻게 풀어야할까"사회,"제주, 배우자 출산휴가 급여 신설..최대 38만2770원 지원"사회,"나경원 ""공수처법 권은희안 헌법위반 소지 있어.. 받아들이기 어려워"""사회,"권은희 ""유승민, 황교안 만남 큰 의미 없어"""사회,"""일요일이라도 쉬게 해 주자""..학원 일요일 휴무제 시행될까"사회,"성전환수술로 여성된 아빠, 호적을 엄마로 바꿀 수 있나요?"사회,"박주민 ""여전히 정치 쟁점화 매달리는 한국당..국민들 힘빠져"""사회,"""이거 먹고 살 빠졌다"" SNS 생생 후기, 알고 보니 가짜"사회,'설리 사망 공문서' SNS 최초 유출자 조사사회,바닥에 가위·현관에 식칼.. 여성간호사 홀로 정신질환자 대면사회,11시간 교육만 받으면 '끝'.. 비공인 두뇌·치매 자격증 난립사회,"""검사장이 호텔로 부른 적도"" 전직 여검사 실명 걸고 폭로"사회,허울 뿐인 아빠 육아..'회사 눈치' 문제 가장 커사회,"""명운 걸었던 사건인데 檢 압색 당해""..경찰 내부 '침울'"사회,정경심 자정 귀가..의사·병원名 없는 뇌종양 진단서 논란사회,정경심 자정 귀가..의사·병원名 없는 뇌종양 진단서 논란사회,"""검사장이 호텔로 부른 적도"" 전직 여검사 실명 걸고 폭로"사회,"'조국 퇴진' 외쳤던 대학생들, 26일 광화문서 집회"사회,"알릴레오 성희롱 논란 확산..여성계 ""노동가치 폄하"""문화,"파산신청에 대규모 감원까지···포에버21, 성공신화 흔들리는 까닭"문화,기차 멈춰 세운 영월 폐광촌 주민들... 난 그저 거들 뿐문화,"한반도 추가 태풍 없다…""계절·통계상 불가능"""문화,[개봉영화] 아베 정권 직접 겨냥한 日영화…“언론·시민이 진실 봐야”문화,"'모유유산균', 유해균 없애고 당뇨에도 효과 '있을 건 다 있다'"문화,"외국인 개별관광객 94.7% ""한국 또 오고 싶다"""문화,꿈에 다이아몬드가 반짝…당첨 됐구나 싶었는데문화,[ESC] 성욕은 무조건 채워져야 하는 게 아닙니다문화,몸이 굳어 죽음 문턱까지 갔던 ‘오빠’가 남편으로문화,"이효리 앉았던 바위, 이젠 1시간 줄 서야 합니다"문화,"""자살할 줄 몰랐는데…"" 막다른 길에서 보내는 위험 시그널 어떻게 감지할까"문화,"""반달눈 미소 기억할게요""…꽃다운 25살, 세상과 작별한 설리"문화,"포에버21 직원 대규모 감원, 지난달 美 법원 파산보호신청서 제출"문화,"기자협회 ""유시민 '알릴레오' 성희롱 재발 방지책, 사과 있어야"""문화,"연예인도 사람... ""창녀 같다 악플에 살인충동"""문화,17일 설리 발인…새하얀 얼굴·반달미소도 이제 기억속에서만문화,설악산·내장산 안부럽다.. 서울 근교 단풍 명소들문화,"북한산 첫 단풍', 설악산 절정..전국이 울긋불긋"문화,"기자협회 ""유시민 '알릴레오' 성희롱 재발 방지책, 사과 있어야"""문화,"'예산 싹둑' 예그린뮤지컬어워드, 동네 잔치로 전락하나"문화,'확산하면 어쩌나..' 평택시 공무원 ASF 발생국 수차례 출장문화,서울 아침 체감온도 8.9도..전국 구름많고 내륙에는 안개문화,"""권력놀음에 취한 교단 총회.. 신도들 안중에도 없었다"""문화,"돌아온 독감의 계절.. ""늦어도 내달까지 예방접종하세요"""문화,내일 아침 최저 6도..전국 구름 많고 내륙지방 곳곳 안개문화,"기자협회 ""유시민 '알릴레오' 성희롱 재발방지책 마련해야"""문화,"""혈중 단백질 구조 보면, 알츠하이머 위험 십수 년 전에 안다"""문화,"""소녀상 전시 중단은 '검열'..재개 기쁘지만 조건부라 죄송"""문화,태풍의 두 얼굴문화,"맨부커상 '방랑자들', 여행 키워드로 거대 서사 축약"문화,액상형 전자담배 독성 논란.. 과학적 정보 투명하게 공개해야문화,복을 부르는 침대 위치는 따로 있다?문화,"장기를 위협하는 대장 속 작은 주머니, 대장게실증"문화,내비게이션 빅데이터가 찾아낸 '전국 추천 맛집' 톱 20문화,"수면제 내성, 효과가 점점 떨어집니다"문화,곰의 배에 올라 앉은 '천상화원'문화,"""기독교 혐오시대·교회개혁 불가능..무엇을 할 것인가"""문화,쉽지 않은 손드하임 소화하는 영민한 방법문화,큰 일교차.. 왜 몸이 힘들까?문화,"""다이어트·탈모 효과만점""..가짜 체험기·인플루언서광고 적발"문화,텀블러 쓰세요? 3가지만 기억하세요문화,큰 일교차 유의..내일 곳곳 가을비문화,손발 유난히 차갑다.. 뜻밖의 질병?문화,꿈에 다이아몬드가 반짝..당첨 됐구나 싶었는데문화,"설리 옛 연인 최자 ""보고 싶다""..다듀는 앨범 발매 연기"문화,"기자협회 ""유시민 '알릴레오' 성희롱 재발 방지책, 사과 있어야"""문화,"""권력놀음에 취한 교단 총회.. 신도들 안중에도 없었다"""문화,"'언론 성찰' 부탁한 문 대통령, 불만 쏟아낸 언론들"문화,"""권력놀음에 취한 교단 총회.. 신도들 안중에도 없었다"""문화,"기자협회 ""유시민 '알릴레오' 성희롱 재발 방지책, 사과 있어야"""문화,"설리 옛 연인 최자 ""보고 싶다""..다듀는 앨범 발매 연기"세계,"트럼프 ""무역합의, 내달 시진핑 만날 때까지 서명 안 해"""세계,'불의 고리' 필리핀 민다나오섬서 지진…어린이 숨져세계,"홍콩 또 '백색테러'…시위 주도 단체 대표, 쇠망치 피습"세계,"트럼프 ""쿠르드 지금이 더 안전하다"""세계,미-중 홍콩 인권법 두고 정면충돌 불가피할 듯세계,"미 국민 절반이 탄핵 찬성하는데…트럼프 ""열심히 하겠다!"""세계,美상원 중국 협박에도 '홍콩 인권법' 조속 통과시킬 것세계,"‘타잔’ 주인공 론 엘리의 집에서 부인 흉기 피살, 용의자 경찰에 사살"세계,영향 적을 거라더니…9월 방일 한국인 관광객 절반 넘게 '뚝'세계,"""이러다 일본 망한다"" 유니클로 회장, 아베 정부에 '쓴소리'"세계,"""北 선수들 굉장히 격렬한 몸싸움…이게 축구냐 싶었다"""세계,"홍콩서 잡힌 12세 中소녀, 가방엔 임신부 혈액샘플 142개 왜"세계,"유니클로 회장 ""日 최악, 한국 반일감정 이해돼"" 아베에 일침"세계,농가 지하실에 9년간 숨어 산 네덜란드 가족 발견세계,'휴전 중재' 美 대표단 급파…터키 '강경 고수'세계,"“한국은 중요한 이웃 나라” 아베, 이례적 유화 제스처"세계,"'불매' 日 지역도시 가보니…""유령마을 됐다"" 타격 현실화"세계,"""품위 있게 폐업했다""…중국, 잇단 '삼성 띄우기' 이유는"세계,"""수출 규제, 악영향""…日 경제 타격 인정"세계,EU 정상회의 직전까지 브렉시트 합의 도달 실패한 듯세계,"존슨, 여권 지지표 확보에 사활..브렉시트 재합의 막판 고비"세계,"메르켈·마크롱 ""브렉시트 합의 기대""..존슨, 신중론 견지"세계,"英·EU, 브렉시트 막판 협상 재개..'낙관론 경계' 시각도"세계,"미 하원 ""시리아 철군 잘못했다"" vs 트럼프 ""쿠르드는 천사 아니다"""세계,"트럼프 ""터키 공격, 우리와는 상관없는 일..쿠르드 천사 아냐"""세계,"트럼프 ""터키와 협의 실패하면 美 제재 강도 높일 것"""세계,"물에 잠기고, 찢어지고..유실된 '방사성 폐기물 자루'..일본 ""안전"" 주장"세계,"""후쿠시마 방사성 폐기물 태풍에.."" 미 시민단체 '경보'"세계,역대급 태풍에도 숙소에 머문 아베.. 日네티즌·야당 '맹비난'세계,"미국 하원 '홍콩 인권법' 통과.. 중국 ""반격 조치"" 반발"세계,"미 하원, 홍콩 시위 지지 법안 통과..중국 ""강렬히 분개, 결연히 반대"""세계,"""홍콩 자유권 보장""..트럼프 아닌 美 하원 움직였다"세계,선두로 치고 나온 워런..美민주 대선 토론서도 집중포화세계,'급진좌파 워런 견제'로 확 바뀐 美 민주당 TV토론세계,"워런이 '승자', 바이든은 '패자'..민주당 대선 경선 토론"세계,"아베, 야스쿠니신사 제사에 공물 보내..참배 안할 듯"세계,"美 민주 샛별 3인방, 대선후보로 샌더스 공개 지지 표명"세계,간토대학살 조선인 희생자 위령 헌신한 日 세키고젠 스님 별세세계,"인텔, 320억원에 5G 통신 속도 높이는 소프트웨어 사업 인수"세계,성추문 도밍고 내년 도쿄 무대 설까..세계 이목 집중세계,"포에버21 파산이 주는 교훈: ""디지털 네이티브 세대의 마음을 훔쳐라"""세계,美 한인 성공신화 '포에버21' 파산세계,"아메리칸 드림의 상징 '포에버21', 결국 파산 절차 돌입..350개 점포 폐쇄"세계,아마존 산불·무단벌채에 칼 빼든 브라질..벌금 270억원 부과세계,"아마존 원주민 라오니 족장 ""우리는 자연과 더불어 살고 싶어"""세계,"아마존 보호활동 인류학자 ""특정 국가의 주권만 내세워선 안돼"""세계,"美 GM 노사, 잠정합의 타결..""파업 지속여부 17일 결정"""세계,"美GM CEO, 파업 노조 지도부 만나..합의 임박한 듯"세계,美GM 파업 4주차..'신입-베테랑 임금격차 해소' 줄다리기세계,하노이 부동산 투자의 미래세계,폐쇄하려다 입장료만 올리는 '마지막 공룡들의 섬'세계,코카콜라 '有알코올' 기린 '無알코올'..日음료시장 영역파괴 붐세계,"'소멸 경고장' 받은 日 도시마구, 유아원-공원 승부수로 반전"세계,"""우리는 중국인이 아니다"""세계,홍콩 반정부시위 주요 지도자 '쇠망치 테러'세계,필리핀 민다나오섬서 6.4 지진..어린이 사망·수십명 부상세계,"홍콩서 잡힌 12세 中소녀, 가방엔 임신부 혈액샘플 142개 왜"세계,"(영상) ""사람 죽였다"" 소문 무성한 코모도왕도마뱀은 공룡 후손일까"세계,"캐리 람, 주택정책으로 '민심달래기'..""모두 주택 갖게 하겠다"""세계,역대급 태풍에도 숙소에 머문 아베.. 日네티즌·야당 '맹비난'세계,"홍콩 시위 리더, 쇠망치 테러 당해 중상..4~5명이 덮쳤다"세계,일촉즉발 대치 중..세계의 눈 몰린 시리아 만비즈세계,"""이러다 일본 망한다"" 유니클로 회장, 아베 정부에 '쓴소리'"세계,"'불매' 日 지역도시 가보니..""유령마을 됐다"" 타격 현실화"세계,역대급 태풍에도 숙소에 머문 아베.. 日네티즌·야당 '맹비난'세계,"물에 잠기고, 찢어지고..유실된 '방사성 폐기물 자루'..일본 ""안전"" 주장"IT,삼성이 자랑한 '갤럭시S10 초음파 지문인식' 뚫렸다IT,비트코인은 힘내는데…'위기의 토종코인' 고점대비 반토막 속출IT,"[코인터뷰] ""블록체인 '빠른 속도'가 가장 중요…솔라나가 속도에 집중하는 이유"""IT,"뒤늦게 뛰어든 플라잉카 시장…하늘 택시, 믿고 탈 수 있을까?"IT,"""차별화에 성공""…초반 돌풍 '달빛조각사' 흥행가도 달리나"IT,"""백일몽으로 끝난 데이드림""…구글, 스마트폰 HMD VR 손 뗀다"IT,"""장롱폰 끼고 있지 말고 정리하고 용돈 버세요"""IT,"뒤늦게 뛰어든 플라잉카 시장…하늘 택시, 믿고 탈 수 있을까?"IT,오래 쓰면 호갱? 이통사 장기고객 혜택 '무용지물' [김은지의 텔레파시]IT,"[Tech & BIZ] 에어팟 산지 2년도 안 돼 배터리 수명 뚝… 애플 ""새로 사세요"""IT,"中 언론, 삼성의 품격 극찬 ""마지막까지 노동자 챙겼다"""IT,"카카오, 택시회사 세 번째 인수…'프랜차이즈 택시' 사업 속도낸다"IT,"삼성전자 '갤노트10' 보급형 모델, '아이폰11' 대항마 될까"IT,‘예술가를 만드는 AI 카메라’ 선보인 구글… 스마트폰 판도 뒤흔들까IT,"삼성, 페이스북 '히든카드' AR글라스용 AP 만든다"IT,"""에어팟 잡아라""… '무선 이어폰 전쟁' 구글·LG 참전"IT,"前 NASA 과학자 ""1970년대 화성서 생명체 존재 발견했다"" 주장"IT,"베일 푼 NASA 차세대 우주복..""자유롭게 앉거나 걷는다"""IT,여성들만의 첫 우주유영 18일 밤 진행IT,"NASA, 청·홍 '익숙한' 색깔 차세대 우주복 공개"IT,"2021년 우주로 비상할 순수 국산 기술 발사체 '누리호' 개발..""이상 無"""IT,암호화폐 거래사이트 '부실코인 OUT' 러시..옥석가리기 나섰다IT,국민 메신저 카톡의 '굴욕'..10대는 유튜브 가장 선호IT,'예술가를 만드는 AI 카메라' 선보인 구글.. 스마트폰 판도 뒤흔들까IT,"""공룡들 더위 생존법은 공기·피 동시 순환"""IT,국내도 잘 안터지는데.. 5G 해외로밍 경쟁 과열IT,"""에어팟 잡아라"".. '무선 이어폰 전쟁' 구글·LG 참전"IT,우주産 고기·상추 나왔다.. 불붙는 '우주 식량' 경쟁IT,한국 연구자 발표한 '세 부모 자녀' 가이드라인 반박 연구 나와IT,"""연내 증차 없다"" 물러선 타다, 국토부 상생안 힘받나"IT,전국 달리겠다던 '타다' 일단멈춤..왜?IT,"""1만대 증차?"" 택시에 백기 든 타다..연말까지 '베이직' 증차 중단"IT,펼칠까 붙일까 감을까..폴더블폰 누가 이길까IT,지금은 '폴더블폰' 시대..화면 확장 한계 넘는다IT,"갤폴드 3차 예판, 11시간만에 동났다..'웃돈'도 사라져"IT,고대 화성에 소금기 가득한 '호수' 있었다..흔적 발견IT,"큐리오시티, 화성 샤프산서 고대 짠물호수 흔적 발견"IT,"NASA 우주선, 화성에서 소금호수 흔적 찾았다"IT,2027년 세계 최초 자율주행車 상용화? 당장 규제개선 없으면 공염불IT,"기후변화 선진국 책임, 피해는 빈곤층?"IT,국민소득 늘면 더 행복할까..당신은 지금 행복하십니까IT,"서울반도체, 글로벌 특허 소송 100여건 '무패 행진'"IT,[사이언스 샷] 3000만년 전 호박 속에 갇힌 0.1mm '곰팡이 돼지' 발견IT,펼칠까 붙일까 감을까..폴더블폰 누가 이길까IT,한국 연구자 발표한 '세 부모 자녀' 가이드라인 반박 연구 나와IT,우주産 고기·상추 나왔다.. 불붙는 '우주 식량' 경쟁IT,"서울반도체, 글로벌 특허 소송 100여건 '무패 행진'"IT,오래 쓰면 호갱? 이통사 장기고객 혜택 '무용지물'IT,"유전자 교정으로 뿔 없앤 젖소, 새끼도 뿔 없이 태어나"IT,국민 메신저 카톡의 '굴욕'..10대는 유튜브 가장 선호IT,"2021년 우주로 비상할 순수 국산 기술 발사체 '누리호' 개발..""이상 無"""IT,국민 메신저 카톡의 '굴욕'..10대는 유튜브 가장 선호IT,"유전자 교정으로 뿔 없앤 젖소, 새끼도 뿔 없이 태어나"IT,"에어팟 산지 2년도 안 돼 배터리 수명 뚝.. 애플 ""새로 사세요"""IT,"""에어팟 잡아라"".. '무선 이어폰 전쟁' 구글·LG 참전"정치,금태섭 “검찰총장 고소인 적절한가”…윤석열 “한…
정치,"양승동 ""알릴레오 성희롱 법적조치. 유시민은 가해자 아냐"""
정치,윤석열 입에 집중한 법사위 국감…외통위 '답답한 北' 성토(종합)
정치,"통일부 장관 ""깜깜이 남북축구에 무거운 책임감, 죄송스럽다"""
정치,"이은재 “정경심 건강 문제, 조사 못받을 정도냐”…윤석열 “답 어렵다”"
정치,"RFA ""北 주민들, 무관중 남북 축구는 당국의 꼼수"""
정치,"이인영, 당내 '조국 정국' 쇄신론에 ""자중지란 안돼"""
정치,"국방부 ""합동포획팀, 야생멧돼지 126마리 사살…매몰 조치""(종합)"
정치,"통일부 장관 ""깜깜이 남북축구에 무거운 책임감, 죄송스럽다"""
정치,"유시민 논란에 한국당 ""KBS가 유튜버에게 조롱당해"""
정치,"[속보] 윤석열 ""한겨레 1면 공식 사과 받아야겠다"""
정치,조국 떠나자 文에 돌아오는 중도층…국정동력도 살아날까
정치,"윤석열 “한겨레 ‘별장접대’보도, 1면에 사과하면 고소 재고”"
정치,대통령·민주당 지지율 동반 상승…조국 장관 사퇴 뒤 회복세
정치,[핫이슈] 김정은에 끌려다닌 2년…백마 탄 독재자와 텅 빈 축구경기장
정치,"여당내 부글부글 ""이러다간 수도권·PK서 다 죽는다"""
정치,‘조국 사퇴 효과’ 文대통령 지지율 45.5%로 반등
정치,"文대통령.민주당 지지율, ‘조국 사퇴’에 회복세"
정치,윤석열 “조국 수사 원칙대로”…사퇴 요구에 “맡은 직분 다할 것”
정치,"양승동 ""알릴레오 성희롱 법적조치. 유시민은 가해자 아냐"""
정치,"통일부 장관 ""깜깜이 남북축구에 무거운 책임감, 죄송스럽다"""
정치,"통일부 국감..北 태도 '우려', 정부 대북정책 실효성 공방"
정치,"김연철, 北 남북축구 생중계 거부에 ""매우 실망스럽다"""
정치,"김연철 ""北, 북미 실무회담 방식 획기적으로 바꾸길 희망"""
정치,"국방부 ""합동포획팀, 야생멧돼지 126마리 사살..매몰 조치"""
정치,"야생멧돼지 48시간 포획조치 완료..軍 ""효과 분석중"""
정치,"국방부 ""돼지열병 확산방지 35개 부대, 병력 2200여 명 지원"""
정치,"'공수처 여론전'..與 ""국민 명령"" vs 한국당 ""문재인 게슈타포"""
정치,"한국당, ""문재인 게슈타포"" 공수처에 뭇매..靑·與 문책 압박"
정치,"한국당, '공수처 반대·與인적쇄신·국정대전환' 대여 압박"
정치,"KBS 국감, 인터뷰 검찰유출·유시민 논란 공방 치열"
정치,다시 불붙은 '조국 국감'..대검 국감서 曺수사·檢개혁 난타전
정치,윤석열 입에 집중한 법사위 국감..외통위 '답답한 北' 성토
정치,"심상정 ""與, 한국당과 침대축구할 시간없어..여야4당 공조 중요"""
정치,"심상정 ""한국당, 사법개혁 논의 자격없어..4당 공조 중요"""
정치,"여야 3당, '합의 처리' 원칙만 공감대..'反공수처동맹' 될까."
정치,"주한남아공대사에 넬슨 만델라 장녀..""한-남아공 관계강화 기대"""
정치,"""마사회, 국제대회 日경주마 배제로 대회등급 승격 철회당해"""
정치,"한인섭 ""차기 법무장관 후보자로 靑인사검증 받은 적 없다"""
정치,"""만나자"" 했는데..황교안·유승민, 통합 vs 각자도생 기로"
정치,부산항 부두 직통관 평균 검사율 1.7%..우범화물 사각지대 우려
정치,"'윤석열 출석' 법사위, 조국 공방 정점 전망..13개 상임위 국감"
정치,"법사위 '조국 빠진 曺국감'..""밝혀진 것 없어"" ""비겁하게 떠나"""
정치,조국 사퇴에도 국감서 여진 지속..법사위선 '조국 없는' 국감
정치,"공수처 급한 與, 3야 '달래기'..공조 재확인에 권은희案도 검토"
정치,'인사청문회 현역 불패' 속설..신임 법무장관 인선 변수
정치,"이인영 ""검찰개혁법 상정 13일 남아..한국당, 전향적 제안해야"""
정치,"""조국 사퇴 '잘한 결정' 70%, 길어진 광장정치 피곤해진 중도층"""
정치,"""아직은"" 조국 역할론 선긋는 여당..총선 출마는 검찰 손에"
정치,"정청래 ""이철희 '괴롭다' 하소연 직접 들어"""
정치,"미국, 다음달 북 사이버 공격 대비 15개국 연합훈련"
정치,"연매협 ""악플, 처벌 강화 안하면 문제 계속돼"""
정치,평양의 냉대에 담긴 메시지
정치,"유승민 ""만날 용의""..황교안 ""필요 시 만남"""
정치,"백마 타고 백두산행·깜깜이 남북 축구, 김정은 중대 결심 임박?"
정치,"대구 찾은 황교안 ""文 지지율에 與 난리..바보가 끌고가면 망해"""
정치,조카손주 돌보고 3290만원 꿀꺽..'아이돌보미'의 구멍
정치,"나경원 ""文, '조국 부활' 프로젝트..국민분노 자극하는 패착"""
정치,"황교안 ""최우선 개혁대상은 청와대..文, 나라 혼란 장본인"""
정치,"'벼랑 끝' 日 업체..""한국으로 가겠다"" 은밀 타진"
정치,"""마사회, 국제대회 日경주마 배제로 대회등급 승격 철회당해"""
정치,"황교안 ""국무총리·靑비서실장·與대표, 사죄하고 물러나야"""
정치,"한인섭 ""차기 법무장관 후보자로 靑인사검증 받은 적 없다"""
정치,"文대통령 국정지지도, 4.1%p 오른 45.5%..""曺사퇴 후 회복세"""
정치,"황교안 ""국무총리·靑비서실장·與대표, 사죄하고 물러나야"""
정치,"심상정 ""與, 한국당과 침대축구할 시간없어..여야4당 공조 중요"""
정치,"금태섭 ""언론 고소는 부적절"".. 윤석열 ""사과를 받아야겠다"""
경제,신동빈 회장 집행유예 확정…안도의 숨 내쉰 롯데
경제,"레이크힐스CC 운영사 일송개발, 1700억 회생자금 조달"
경제,"[국감브리핑]안호영 ""역세권 청년주택 월 최고 78만원…'그림의 떡'"""
경제,"한국조선해양, 의료용 로봇부문 매각 2년 만에 현금화"
경제,[식후땡 부동산] 불법으로 '로또 청약' 당첨되고…양도세 줄이자고 '다운계약'
경제,"[2019 국감]""서울 단독주택, 아파트 못지않은 급등…9억 이상 1년 만에 50%↑"""
경제,"아시아나항공, 샌프란시스코 못간다…매출 110억원 줄수도"
경제,"미국 간 홍남기 “한국, 30-50 클럽 중 가장 높은 수준 성장률”"
경제,"""유니클로 다시 북적인다"" 소식에 매장 가보니"
경제,‘비운의 4년’ 종지부 찍은 신동빈...호텔롯데 상장 속도 낸다
경제,"현대차 코나, 독일 비교평가에서 일본·미국 차 제치고 '종합 1위'"
경제,갤럭시S10 초음파 지문인식 뚫렸다?…프라이버시·페이 등 보안 비상
경제,대법 “샌프란시스코 착륙사고 아시아나 운항정지 정당”
경제,[이슈+] '日불매' 3개월 끝물?…'유니클로' 품절에 민심 달래기
경제,메디톡스 수출용 보톡스 일부 회수·폐기 명령
경제,"""드론택배 2025년 상용화""…정부 '드론 규제혁파 로드맵'"
경제,"中企 3Q 수출 252억달러, 전년比 3.3%↓..""日 수출 되레 늘어"""
경제,3분기 중소기업 수출 3.3% 감소..수출비중·수출기업수는 증가
경제,3분기 중소기업 수출 3.3%↓..일본 수출규제 영향 미미
경제,"최대 6천만→9천만원..금융위, '불법 공매도' 과태료 강화"
경제,"금융당국, 공매도 위반 처벌 강화..""과태료 50%까지 가중"""
경제,금융위 공매도 처벌 강화..50% 가중 제재 근거 마련
경제,"하나은행 ""DLF 분조위 결정 따를 것..투자상품 리콜제 도입"""
경제,"우리은행 이어 하나은행도 ""DLF 분조위 결정 수용"""
경제,"하나은행, 불완전판매 투자상품 리콜제 도입..""다시 한번 사과"""
경제,9월 서울 주택 매매거래 작년보다 39% 줄어
경제,수도권 분양경기 기대감 상승..상한제 리스크 완화 영향
경제,주택 거래 다시 감소..상한제 확대 앞두고 '관망세'
경제,"홍남기 ""韓경제, 견고한 재정 등 강한 복원력 갖춰""..뉴욕서 IR"
경제,"뉴욕 간 홍남기 ""韓경제, 견고한 재정 등 강한 복원력 갖춰"""
경제,"뉴욕에서 설명회 연 부총리 ""韓, 재정 늘리며 경기침체 대응"""
경제,"아이폰11, 10월 18일부터 예약판매..통신사, 판촉경쟁 돌입"
경제,"은성수 위원장, ""공짜점심, DLF 투자 피해자들 향한 발언 아냐"""
경제,"충남 천안 야생조류 분변, 저병원성 AI 확진"
경제,"돼지열병, 추가확산 없이 8일째..정부, '멧돼지 전쟁' 속도"
경제,"""한강 수상택시 이용자 8월 기준 하루 5명..연 20억∼30억 적자"""
경제,"美재무 ""中, 무역합의 명문화 않으면 12월 추가관세"""
경제,"미중합의 얼마나 됐다고..므누신 ""추가관세 부과할 수도"""
경제,"미중 무역분쟁 휴전에 증시 '안도'..""그러나 방망이는 짧게"""
경제,"공정위, LGU+·CJ헬로 결합심사 '합의유보'..내달 결론 전망"
경제,LG유플-CJ헬로 인수 심의 '결론 유보'..SKT-티브로드 합병과 병합 논의
경제,공정위가 'LG유플러스+CJ헬로' 기업결합 최종 승인 보류한 진짜 이유는
경제,9월 일본차 판매 '급감' 月 1000대 못 파는 시기 온다
경제,"정부, WTO 개도국 지위 포기에 무게.. 농민 달랠 대책 마련 고심"
경제,이미 답 나왔지만 마감시한까지 가는 'WTO 개도국 지위' 문제
경제,측면충돌 안전 책임진다..에어백의 진화 'FSAB'
경제,악성 댓글 #악플이 영어로 뭐게?
경제,"파라다이스·GKL, 홍콩시위 반사효과 누리는 카지노株"
경제,"'스타일리시 왜건' 푸조 뉴 508 SW, 직설적 핸들링에 주목하다"
경제,프리미엄 SUV 개척자 '지프 그랜드 체로키'
경제,3억2000만원 보이스피싱 사기 당한 30대 교사의 기막힌 사연
경제,"""유니클로 다시 북적인다"" 소식에 매장 가보니"
경제,"제주삼다수, 21년만에 첫 '1+1' 행사하는 까닭"
경제,"박원순 ""재건축·재개발 중심 주택공급, 집값 상승 부채질"""
경제,"""서울시설공단과 SH공사 무기직 960명, 평가 없이 일반직 전환"""
경제,"""한강 수상택시 이용자 8월 기준 하루 5명..연 20억∼30억 적자"""
경제,"한국 기업, 日 태풍 구호 지원 거의 안 할듯"
경제,'여의도 절반 규모' 그린벨트 땅주인만 4485명..부동산투기 '극성'
경제,"한국 기업, 日 태풍 구호 지원 거의 안 할듯"
경제,"""삼성 품위 있게 떠났다"" 중국 삼성 띄우는 진짜 이유는?"
경제,9월 일본차 판매 '급감' 月 1000대 못 파는 시기 온다
경제,'여의도 절반 규모' 그린벨트 땅주인만 4485명..부동산투기 '극성'
사회,"세관 항의 입국자 폰카 vs 보안 위한 공항CCTV, 누가 잘못 했나"
사회,서울대 이병천 교수 아들 강원대 수의대 부정입학…교육부 취소 통보(종합)
사회,"제주 명상수련원, ""시신 닦고 설탕물 먹여"" 의문 수두룩"
사회,윤석열 “한겨레에 사과 받아야겠다…1면에 사과하면 고소 재고”
사회,일본 덕에 한국남자 '특별한 존재' 됐다? 경제학자의 궤변
사회,경찰 '명예훼손·후원금 사기' 의혹 윤지오 캐나다에 사법공조 요청
사회,필리핀서 20호 태풍 발달 가능성.. 韓 영향 없을 듯
사회,숨진 50대 시신 매일 닦고 설탕물 먹여···수상한 제주 명상원
사회,"'후원금 사기 의혹' 윤지오 한국 송환 추진 중…""캐나다에 사법 공조 요청"""
사회,석달 만에 뒤바뀐 윤석열에 대한 시선…야 '지지' vs 여 '우려'
사회,"윤석열, '윤중천 접대' 보도에 격앙…""사과 받아야겠다"""
사회,"경찰, 윤지오 ‘명예훼손·사기 혐의’ 캐나다에 사법 공조 요청"
사회,"윤석열, '曺·尹 동반퇴진론' 질문에 ""법과 원칙에 충실...좌고우면 않는다"""
사회,"윤석열 ""누굴 고소한 적 없다, 한겨레 사과는 꼭 받아야겠다"""
사회,‘윤지오 수사’ 경찰 “캐나다에 사법공조 요청”
사회,"""윤석열, 어떤 압력에도 굴하지 말라""던 민주당의 돌변"
사회,[속보] ‘국정농단 70억뇌물’ 신동빈 롯데 회장 집유 확정
사회,미성년 저자 논문 245건 추가 발견..이병천 교수 아들 편입 취소
사회,서울대 이병천 교수 아들 강원대 수의대 부정입학..교육부 취소 통보
사회,미성년자녀 부당하게 논문 공저자로 올린 교수 10명 12건 적발
사회,서울대 이병천 교수 아들 강원대 수의대 부정입학 확인..입학취소 통보
사회,"윤석열, '조국 수사' 국감 질문에 ""절차따라 신속처리"""
사회,"윤석열 ""접대의혹 보도 언론사, 사과하면 고소 재고"""
사회,"윤석열, '조국 동반퇴진' 일축..한겨레 보도에 ""사과받아야겠다"""
사회,석달 만에 뒤바뀐 윤석열에 대한 시선..야 '지지' vs 여 '우려'
사회,"""조국 수사 철저"" vs ""과잉수사""..대검 국감 여야 공방"
사회,"윤석열 ""특수부, 부산 아닌 대구 존치 대검의견 반영했다 봐야"""
사회,"신동빈, '국정농단·경영비리' 집유 확정..일가 대부분 무죄"
사회,'국정농단·경영비리' 롯데 신동빈 징역 2년6개월 집유 확정
사회,"'국정농단 뇌물' 신동빈 집행유예 확정..롯데 ""판단 존중"""
사회,"조국 ""웅동학원 채용비리 전혀 몰라""..채용 문제출제 관여 인정"
사회,"檢, 웅동 채용비리때도 조국부부가 문제냈나 집중조사"
사회,"웅동학원에 관여 안 했다는 조국, 교사 채용 시험문제 출제"
사회,선거당일 '특정후보 반대' 칼럼 편집기자..유죄 확정
사회,'어린이집 앞 흉기난동' 40대男 국민참여재판 받는다
사회,정치자금법 항소심서 은수미 성남시장에 '의문부호' 던진 재판부
사회,"법무부, '주민 찬반갈등' 거창구치소 예정부지에 짓기로"
사회,"대법 ""서초구, 사랑의교회 도로점용 허가 취소하라"""
사회,"李총리 ""돼지열병, 사람 전염 안돼..안심하고 드시라"""
사회,"농축산단체 ""집돼지 말살정책 안돼..멧돼지 소탕해야"""
사회,파주 민통선 야생멧돼지 총기 포획 이틀간 23마리 잡아
사회,"""고유정 연쇄살인"" vs ""억울한 누명""..제주지검 의붓아들 판단은?"
사회,고유정 의붓아들 살인혐의 기소여부 제주지검이 결정한다
사회,"청주지검, '고유정 의붓아들 사망 사건' 제주지검 이송"
사회,"국회 국토위, 박원순표 부동산 검증..서울교통공사 공방전 전망"
사회,"교통공사의혹 혼쭐난 서울시, 산하기관 채용 사전통제 강화"
사회,서울교통공사 친인척 채용·제로페이 논란..서울시 국감
사회,"""술병에 연예인 사진은 한국 뿐"""
사회,"사명대사는 왜 ""조선의 보배는 가토 기요마사의 목""이라 했을까"
사회,"보이스피싱, 과연 바보만 당하는 황당한 사기일까"
사회,"""대한민국이 공정하다고 믿습니까? 이것이 붕괴됐다"""
사회,"""로또 당첨, 파국으로 가는 이유"""
사회,"신동빈, '국정농단·경영비리' 집유 확정..일가 대부분 무죄"
사회,'설리 사망 공문서' SNS 최초 유출자 조사
사회,"제주 명상수련원서 숨진 50대 ""사망한 지 45일가량"""
사회,"""고유정 연쇄살인"" vs ""억울한 누명""..제주지검 의붓아들 판단은?"
사회,"윤석열 ""한겨레가 사과한다면 고소 유지 재고"""
사회,"대법 ""'착륙사고' 아시아나, 샌프란시스코 노선 운항정지 정당"""
사회,"""로또 당첨, 파국으로 가는 이유"""
사회,석달 만에 뒤바뀐 윤석열에 대한 시선..야 '지지' vs 여 '우려'
사회,"윤석열 ""법과 원칙에 충실할 따름""..총장 사퇴설 일축"
사회,"윤석열 ""유시민 고발사건, 원칙대로 절차 따라 수사할 것"""
사회,"조국 ""웅동학원 채용비리 전혀 몰라""..채용 문제출제 관여 인정"
사회,"윤석열 ""한겨레가 사과한다면 고소 유지 재고"""
문화,"대법원, ""사랑의교회 도로 점용허가 위법"" 최종 판결"
문화,고기의 유혹 꼭 피해야 하나? 육류 건강하게 먹는 법
문화,[문화현장] 이혼 후 시작된 '복잡한 사랑'…영화 '두번할까요'
문화,신라시대에도 “원샷” 있었다?…월지 주사위로 본 신라인의 음주 풍습 <발굴왕>
문화,"현대차 '코나', 독일서 美·日 소형 SUV 제지고 '종합 1위'"
문화,[카&테크]측면충돌 안전 책임진다...에어백의 진화 'FSAB'
문화,"빅토리아, 중국서 드라마 촬영중 설리 비보 소식에 다급히…"
문화,"양승동 KBS 사장, 조국·유시민 논란에 ""사장한테 책임 있다"""
문화,"몸을 꼼짝 못하게 하는 '가위 눌림', 왜 생길까?"
문화,'82년생 김지영' 일본에 이어 중국에서도 '베스트셀러'
문화,"""자살할 줄 몰랐는데…"" 막다른 길에서 보내는 위험 시그널 어떻게 감지할까"
문화,"이효리 앉았던 바위, 이젠 1시간 줄 서야 합니다"
문화,월드컵 2차 예선 '평양 경기' 녹화중계 취소…방송 부적합
문화,꿈에 다이아몬드가 반짝…당첨 됐구나 싶었는데
문화,"연예인도 사람... ""창녀 같다 악플에 살인충동"""
문화,아이폰11 내일(18일)부터 사전예약…가격은 99만∼152만원
문화,"""권력놀음에 취한 교단 총회.. 신도들 안중에도 없었다"""
문화,"""기독교 혐오시대·교회개혁 불가능..무엇을 할 것인가"""
문화,"몸을 꼼짝 못하게 하는 '가위 눌림', 왜 생길까?"
문화,"기자협회 ""유시민 '알릴레오' 성희롱 재발 방지책, 사과 있어야"""
문화,"'예산 싹둑' 예그린뮤지컬어워드, 동네 잔치로 전락하나"
문화,'확산하면 어쩌나..' 평택시 공무원 ASF 발생국 수차례 출장
문화,서울 아침 체감온도 8.9도..전국 구름많고 내륙에는 안개
문화,"돌아온 독감의 계절.. ""늦어도 내달까지 예방접종하세요"""
문화,알릴레오서 왜곡된 인식 담긴 성희롱..유시민 사과
문화,내일 아침 최저 6도..전국 구름 많고 내륙지방 곳곳 안개
문화,"기자협회 ""유시민 '알릴레오' 성희롱 재발방지책 마련해야"""
문화,태풍의 두 얼굴
문화,"""소녀상 전시 중단은 '검열'..재개 기쁘지만 조건부라 죄송"""
문화,"맨부커상 '방랑자들', 여행 키워드로 거대 서사 축약"
문화,액상형 전자담배 독성 논란.. 과학적 정보 투명하게 공개해야
문화,"흔들흔들 재밌다, 중국풍 음악 흐르는 사파행 '침대버스'"
문화,치질 연고는 언제까지 발라야 하나요?
문화,"""언제 우리 집에 와서 잘래요?"", 밤에 우리 영혼은"
문화,"지역 소멸, '지방 사람'의 건강도 소멸한다"
문화,해낼 수 있다는 당신의 믿음은 '옳다'
문화,장기 위협하는 대장 속 작은 주머니 '대장게실증'
문화,박서련 장편 '마르타의 일' 장르문학 넘어선 여성서사
문화,골다공증=갱년기 질환? 다이어트 잦은 2030도 위험하다
문화,성욕은 무조건 채워져야 하는 게 아닙니다
문화,"설리 옛 연인 최자 ""보고 싶다""..다듀는 앨범 발매 연기"
문화,"대법원, ""사랑의교회 도로 점용허가 위법"" 최종 판결"
문화,설악산·내장산 안부럽다.. 서울 근교 단풍 명소들
문화,"""미X 또XX도 아니고"".. 채널A 출연자, 조국 전 장관에 욕설"
문화,"이효리 앉았던 바위, 이젠 1시간 줄 서야 합니다"
문화,"몸을 꼼짝 못하게 하는 '가위 눌림', 왜 생길까?"
문화,"""권력놀음에 취한 교단 총회.. 신도들 안중에도 없었다"""
문화,"설리 옛 연인 최자 ""보고 싶다""..다듀는 앨범 발매 연기"
문화,성욕은 무조건 채워져야 하는 게 아닙니다
문화,"몸을 꼼짝 못하게 하는 '가위 눌림', 왜 생길까?"
문화,"""KBS 수신료 위법하게 징수, 전액 몰수 가능"""
세계,"日 방사성폐기물 관리 허점…강에 흩어졌는데 ""영향 적다"" 주장"
세계,전란 중에도 빙판 위 '동심'... 더이상 이런 광경 없길
세계,"스틸웰 ""北안보이해 고려…체제보장과 핵 교환에 집중해야""(종합"
세계,“연쇄 살인마 되고 싶다”…‘8명 살해’ 30대 연쇄 살인범 체포
세계,괴한 습격에 홍콩 시위 주도자 중상…인권법안 통과로 미·중 충돌
세계,엉뚱한 묘비 때문에…싱가포르 8가족 39년간 다른 산소서 성묘
세계,"악몽의 평양···공항서 X레이 놔두고 ""소지품 다 적어내라"""
세계,"비트코인으로 '아동음란물' 산 사람들, 누군지 보니…"
세계,이번엔 홍콩 시위 리더 쇠망치 테러… 트위터 달군 영상
세계,"‘한국은 매춘관광지’ 발언 日장관, 각료급 야스쿠니 참배 재개 [특파원+]"
세계,유니클로 회장 “이대로 가면 일본은 망한다… 우리는 열등해졌다”
세계,"""후쿠시마 방사성 폐기물 태풍에…"" 미 시민단체 '경보'"
세계,태풍 '하기비스' 할퀴고 간 동일본 지역에 또 호우 예보
세계,"앞에선 ""美와 무관"" 뒤에선 ""휴전하라""…트럼프 왜 '갈팡질팡'?"
세계,"""한국인 돈 제일 안 쓴다""…'탈한국' 승부거는 일본 관광업계"
세계,태풍에 사라진 ‘일본 방사성 폐기물 자루’···올림픽 맡길 수 있나
세계,펜스 美부통령 터키행에도 터키·쿠르드족 휴전 불투명
세계,"美공백 신속 대체하는 러..더타임스 ""시리아 분할 감독할 것"""
세계,"""문제는 트럼프가 아닐수도..시리아 철군, 美 불개입 확대 신호"""
세계,"'중동 해결사' 자처 푸틴, 에르도안 불렀다..22일 소치서 회담"
세계,"트럼프-펠로시 '시리아 회의' 파행..""3류 정치인"", ""멘붕"" 막말"
세계,미 하원 '시리아 철군 철회 결의안' 통과..안팎으로 '말발' 안서는 트럼프
세계,"""삼류 정치인"" vs ""멘털붕괴"".. 美정가 '시리아 철군 갈등' 폭발"
세계,"스틸웰 ""北안보이해 고려할것..美보장-북핵 교환 설득 초점둬야"""
세계,"스틸웰 ""北안보이해 고려..체제보장과 핵 교환에 집중해야""(종합"
세계,"므누신 ""시리아 휴전하지 않으면 터키에 추가 제재"""
세계,"""미국, '추가 대중 관세는 자충수' 인식에 중국과 미니딜"""
세계,"""미중 무역협상, 1단계 합의인가 미완인가"""
세계,"트럼프 ""내달 APEC서 시진핑 만날 때까지는 무역합의 서명 안해"""
세계,"터키행 폼페이오, 에르도안에 ""시리아 공격 멈춰야..휴전 필요"""
세계,트럼프의 시리아 철군이 초래한 5가지 결과
세계,"'터키 전략 뭐냐' 질문에..폼페이오 ""트럼프. 일단 지르고 본다"""
세계,엉뚱한 묘비 때문에..싱가포르 8가족 39년간 다른 산소서 성묘
세계,"홍콩 시민 65%, 캐리 람 시정연설 불만..""실질적 정책 없어"""
세계,"美연준 이사 ""페이스북 리브라, 돈세탁 규정 준수 보장해야"""
세계,"中, 3분기 GDP성장률 6%대 붕괴?..6.0~6.1% 유력시"
세계,"바이든, '실탄'마저 바닥?..""선거자금 턱없이 부족"""
세계,일왕 즉위식 때 '카퍼레이드 연기' 검토.. 태풍 피해지역 배려
세계,일왕 즉위시 55만명 사면.. 시대변화 따라 대폭 감소
세계,"중국, 일왕 즉위식에 '시진핑 오른팔' 왕치산 파견"
세계,"日 방사성폐기물 관리 허점..강에 흩어졌는데 ""영향 적다"" 주장"
세계,"""후쿠시마 방사성 폐기물 태풍에.."" 미 시민단체 '경보'"
세계,"'안팎이 달라요' 日 ""국내선 핵폐기물 분실..국제회의 주도도"""
세계,"""오늘 홍콩은 39년 전 광주""..조슈아 웡 등 한국에 지지 호소"
세계,민주화 시위 벌이는 '홍콩인' 내년도 노벨평화상 후보로 추천돼
세계,대만서 홍콩 시위 지지 '레넌 벽' 훼손한 중국 유학생 법정에
세계,갈수록 촘촘해지는 中 감시망..공중화장실 사용 시간까지 제한
세계,"40년간 학대당한 서커스 코끼리, 브라질서 새 삶"
세계,하노이 부동산 투자의 미래
세계,폐쇄하려다 입장료만 올리는 '마지막 공룡들의 섬'
세계,코카콜라 '有알코올' 기린 '無알코올'..日음료시장 영역파괴 붐
세계,네가 왜 거기서 나와?..수심 113m 호수서 낚인 야생 고양이
세계,한 할아버지가 가구 쇼핑할 때 '반려견' 꼭 데려가는 이유
세계,"日 방사성폐기물 관리 허점..강에 흩어졌는데 ""영향 적다"" 주장"
세계,"""후쿠시마 방사성 폐기물 태풍에.."" 미 시민단체 '경보'"
세계,역대급 태풍에도 숙소에 머문 아베.. 日네티즌·야당 '맹비난'
세계,"트럼프, 이번엔 '터키내 美핵무기 배치' 천기누설로 도마"
세계,"""한국인 돈 제일 안 쓴다""..'탈한국' 승부거는 일본 관광업계"
세계,"'탈 한국' 시동 건 日 관광업계.. ""중국·대만 등에 손짓"""
세계,"""한국인 돈 제일 안 쓴다""..'탈한국' 승부거는 일본 관광업계"
세계,역대급 태풍에도 숙소에 머문 아베.. 日네티즌·야당 '맹비난'
세계,"'탈 한국' 시동 건 日 관광업계.. ""중국·대만 등에 손짓"""
세계,"""오늘 홍콩은 39년 전 광주""..조슈아 웡 등 한국에 지지 호소"
IT,공정위 LGU+·CJ헬로 결합심사 '유보'…유료방송 M&A 차질생기나
IT,"""한국도 감산하는데""…샤프, 광저우 10.5세대 LCD 가동 '눈치작전'"
IT,"민원기 차관 ""韓 블록체인 환경 어렵지만 정부가 지원"""
IT,과기원·지방대 키운 경력교수 빼가기 열 올리는 '서·카·포'
IT,[종합]LG·CJ헬로-SK·티브로드 M&A 차질?…골든타임 놓칠라
IT,"[국감현장]유시민 이사장 논란에…양승동 KBS 사장 ""사장에게 책임있다"""
IT,"갤S10, 초음파 지문인식 오작동…삼성전자·퀄컴, “곧 해결”"
IT,"최고 199만원짜리 애플 아이폰 11 프로맥스, 원가 분석해보니"
IT,"갤럭시폰 지문인식 뚫렸다…""실리콘 케이스로 누구나 잠금해제"""
IT,"""장롱폰 끼고 있지 말고 정리하고 용돈 버세요"""
IT,"식약처, 메디톡스 수출용 '메디톡신' 회수 명령"
IT,"""내 지문도 아닌데 열리네""…삼성 갤럭시 지문인식 오류"
IT,강아지처럼 주인 따라다니는 캐리어로봇 다음달 출시
IT,"“아무나 잠금해제”...갤럭시 지문인식 4,000원 케이스에 뚫렸다"
IT,"탈모 치료, 매일 먹는 약 대신 월 1회 주사로 치료"
IT,바다코끼리는 왜 80m 높이 벼랑을 오를까
IT,삼성이 자랑한 '갤럭시S10 초음파 지문인식' 뚫렸다(종합)
IT,"실리콘케이스에 뚫리는 '지문인식'..삼성 ""SW 패치 곧 배포"""
IT,"갤럭시폰 지문인식 뚫렸다..""실리콘 케이스로 누구나 잠금해제"""
IT,"갤럭시S10·노트10 초음파 지문인식, 실리콘 케이스에 뚫렸다"
IT,공정위 LGU+·CJ헬로 결합심사 '유보'..유료방송 M&A 차질생기나
IT,"공정위, LG유플-CJ헬로 기업결합 유보..""SK·티브로드 건과 같이 판단"""
IT,"KT ""28GHz 대역 개방형 5G 빔포밍 기지국 세계 첫 개발"""
IT,허리케인이 일으킨 강력한 파도 해저 지진도 만들어
IT,재난 문자 일괄 발송 아닌 맞춤형으로..2023년 도입
IT,드론 테러 대비 방어망 구축한다 ..드론 로드맵 발표
IT,"블리자드, 홍콩시위 지지한 美대학생 게이머 3명도 출전 정지"
IT,"구글, 스마트폰 VR 사업 철수..'데이드림' 한낱 꿈으로"
IT,"2021년 우주로 비상할 순수 국산 기술 발사체 '누리호' 개발..""이상 無"""
IT,"이통 3사, 18일부터 아이폰11 사전예약 실시"
IT,"통신3사, 내일부터 아이폰11 사전예약..보험 등 신규 출시"
IT,"'예상밖 흥행' 아이폰11, 25일 출시..韓서도 통할까"
IT,"흔들리는 페이스북 '리브라'..비자, 이베이 등 '탈주 러시'"
IT,이베이·비자·마스터도 '페이스북 가상화폐 동맹'서 하차
IT,"페이스북, '글로벌 화폐'까지 노렸지만..흔들리는 '리브라 월드'"
IT,"'오렌지색과 청홍백'..NASA, 2024년 달 착륙 우주인이 입을 우주복 공개"
IT,"NASA, 달 탐사 위한 '새 우주복' 공개..100도도 견딘다"
IT,"최기영 장관 ""달탐사 꼭 성공시키겠다"""
IT,바다코끼리는 왜 스스로 절벽에서 뛰어내렸을까
IT,"허블망원경, 외계서 온 두번째 손님 '보리소프' 포착"
IT,초속 1m로 이동하는 세계서 가장 빠른 개미 발견
IT,2027년 세계 최초 자율주행車 상용화? 당장 규제개선 없으면 공염불
IT,"기후변화 선진국 책임, 피해는 빈곤층?"
IT,재난 문자 일괄 발송 아닌 맞춤형으로..2023년 도입
IT,초속 1m로 이동하는 세계서 가장 빠른 개미 발견
IT,허리케인이 일으킨 강력한 파도 해저 지진도 만들어
IT,[사이언스 샷] 3000만년 전 호박 속에 갇힌 0.1mm '곰팡이 돼지' 발견
IT,오래 쓰면 호갱? 이통사 장기고객 혜택 '무용지물'
IT,국민 메신저 카톡의 '굴욕'..10대는 유튜브 가장 선호
IT,"갤럭시폰 지문인식 뚫렸다..""실리콘 케이스로 누구나 잠금해제"""
IT,바다코끼리는 왜 스스로 절벽에서 뛰어내렸을까
IT,바다코끼리는 왜 스스로 절벽에서 뛰어내렸을까
IT,"갤럭시폰 지문인식 뚫렸다..""실리콘 케이스로 누구나 잠금해제"""
IT,"블리자드, 홍콩시위 지지한 美대학생 게이머 3명도 출전 정지"
IT,오래 쓰면 호갱? 이통사 장기고객 혜택 '무용지물'
