정치,"韓日정상, 갈등 해결 의지 확인…악화일로 한일관…"
정치,"박찬주 前대장 ""당에서 필요하다면 물불 가리지 …"
정치,"정경두 ""北, 지지대로 ICBM 이동식발사"" 정의용 발언 뒤집어"
정치,"평화당 탈당파, 제3신당 당명 '대안신당'으로 확정"
정치,"안철수, 베를린 이어 '뉴욕마라톤' 완주…정치 복귀는 미정"
정치,"이인영 ""한국당 '공수처 반대·의원정수 축소…참 나쁜 선동"""
정치,"국민 10명 중 4명, “文 정부, 임기 후반 ‘경제활성화’에 집중” 요구"
정치,'정의용 ICBM 몰이해' 야당 공세에 정경두 장관의 답변
정치,"한국당 북핵특위 ""文, 안보실정 통감하고 정의용 파면해야"""
정치,옆자리로 아베 손 이끈 文대통령…11분 '즉석환담' 냉기류 반전
정치,"정경두 ""北, 지지대로 ICBM 이동식발사"" 정의용 발언 뒤집어"
정치,"박찬주 前대장 ""당에서 필요하다면 물불 가리지 않고 역할할 것""(종합)"
정치,"韓日정상, 갈등해결 의지 확인…악화일로 한일관계 반전 맞나"
정치,"정의용 ""이동식발사대로 ICBM 못 쏜다""더니...정경두 ""北, 지지대 받쳐서 발사했다"""
정치,"박찬주 ""임태훈 군인권센터 소장, 병사 통해 갑질 모함...삼청교육대 훈련 받아야"""
정치,박찬주 “임태훈 삼청교육대 훈련 받아야”…막말 논란
정치,"박찬주, 반격 회견 ""군인권센터장은 삼청교육대 교육 받아야"""
정치,"민주당, 양정철·금태섭 포함 총선기획단 명단 발표"
정치,여야 대치 더 급랭시킨 '버럭·삿대질' 강기정 수석
정치,"황교안, 박찬주 영입강행 시사..'리더십 논란' 정면돌파하나"
정치,"한국당, 총선기획단 가동..'박찬주' 논란 후폭풍에 발목"
정치,"박찬주 前대장 ""당에서 필요하다면 물불 가리지 않고 역할할 것"""
정치,"'한국당行 불발' 박찬주, 오늘 기자회견..논란 털고 재도전?"
정치,모스크바서 남북·북미 회동 성사될까..비핵화협상 모멘텀 기대
정치,"北외무성 조철수, 모스크바 비확산회의 참석..북미·남북 회동 촉각"
정치,"北 조철수, 모스크바 비확산회의 참석.. 남북 회동 가능성 주목"
정치,"김종대 ""이자스민, 원내정당 모두에 참여 제안..새누리만 응답"""
정치,"김종대 ""이자스민측 원내정당에 정치활동 제안..새누리만 응답"""
정치,"이병록 예비역 제독 정의당 입당..""안보 의병으로 거듭날 것"""
정치,"문 대통령, 1년1개월 만에 아베와 11분 동안 별도 환담"
정치,문-아베 전격 회담..한일 관계 회복 불씨 살려
정치,"靑 ""현안 풀려나가길 희망""..한일정상, 방콕서 '11분' 단독 환담"
정치,文정부 임기 후반기 최우선 국정과제는 '경제활성화'
정치,"文 후반기 최우선 과제는?..""경제"" 41%, ""개혁"" 24%"
정치,文의장 방일에 일본 '촉각'..극우집회에 韓대사관저 오찬 취소
정치,"日 참의원 의장, 문희상 의장과 조우..인사도 악수도 없어"
정치,"탈북민 단체, 탈북모자 장례 또 연기..""통일부와 협상 결렬"""
정치,'멋대로 예산집행'..대법원장 공관 리모델링에 예산 무단 전용
정치,'北 금강산 홍보'에 정부 해법 고심..대북통지문 발송은 언제
정치,"양정철·김경수·이재명 어제 저녁 회동..""당 위해 힘 모아야"""
정치,"""경기도 공무원 집단 탄원 부적절""..이재명 ""사실 아냐"""
정치,"""정치인에게 벌금 100만 원은 사망 선고"""
정치,"한국당 ""조국 동생 구속영장 발부 당연..국민의 상식"""
정치,"김경률 ""조국 이체한 5천만원 조국 돈 아닐 듯"""
정치,"""한국언론, 사실=뉴스라는 자기기만에서 깨어나야"""
정치,"유시민 ""黃, 계엄문건 몰랐을 수도..무능은 죄가 아냐"""
정치,"유시민 ""검찰이 보기엔 계엄령 문건이 사립대 표창장보다 못한 것"""
정치,"정의용 ""군인권센터 계엄령 문건, 진위에 대한 확신 없다"""
정치,"혼돈의 여권, '우리끼리' 순혈주의가 빚은 참사"
정치,총선경쟁 시동..與 '물갈이' vs 野 '영입'
정치,중국군 자처한 약산 김원봉의 최종 목표
정치,이자스민·이병록 정의당 입당..인재 영입 속도내는 정의당
정치,"베테랑 기장 ""헬기 추락사고 실종자 생존 가능성 낮아, 빠져나오기 어려웠을 듯"""
정치,"박찬주 ""군인권센터 해체해야..임태훈 삼청교육대 교육 필요"""
정치,"신보라 ""백경훈과 오랜 인연..한국당 영입, 관여 안해"""
정치,"박찬주 ""공관병 갑질 사건은 왜곡"" 억울함 호소"
정치,헌재 '지소미아 종료 위헌' 헌법소원 각하
정치,버스환승센터 구축 사업이 성평등 사업?..정부의 '엉터리' 성평등 예산
정치,"'공격적 인재영입' 나선 정의당, 이자스민 이어 이병록 전 해군 제독 영입"
정치,"文대통령, 태국 도착..오늘 밤 갈라만찬 시작으로 일정 돌입"
정치,"文대통령-아베, 11분 단독환담..""실질 관계진전 방안 도출 희망"""
정치,"박찬주 ""원하면 '충남 천안을'..군인권센터 소장 삼청교육대 가야"""
정치,"박찬주 ""군인권센터 해체해야..임태훈 삼청교육대 교육 필요"""
정치,"백경훈, '한국당 영입 세습' 논란에 ""부끄러울 이유 없다"""
정치,옆자리로 아베 손 이끈 文대통령..11분 '즉석환담' 냉기류 반전

경제,[증시 맥짚기] 교육주가 바이오주 바통 이을까
경제,`14일 수능` 증시 개장 10시·폐장 4시반…1시간씩 늦춘다
경제,[단독]중견·중소 회계법인協 통합 빅4 대항한다
경제,"디자인·문화콘텐츠산업 '재량근로제' 주목…""모델링 필요"""
경제,"금감원, 시타델증권 연내 중징계 가닥"
경제,예금금리 떨어져도 대출금리는 상승 '속터지는 은행 금리'
경제,"불륜 아닌데…직원과 연애했다가 잘린 CEO, 왜?"
경제,'시몬스 난연 매트리스' 토스 행운 퀴즈…정답 공개
경제,[취재후] 보험 적용으로 임플란트 급증…이것 주의하세요!
경제,'롯데호텔특급세일' 2시 퀴즈 ' 최대 규모 호텔 브랜드 ○○○○○○○○'…정답 공개(오퀴즈 이벤트)
경제,온라인 직구에서 힘 못쓰는 '日 불매운동'
경제,"북한, 달러 바닥 드러났다...김정은 쿠데타설, 왜 끊이지 않고 확산되나 [한상춘의 지금 세계는]"
경제,"캐시워크돈버는퀴즈, 오픈 기념 퀴즈 '최고 금액'…정답 공개"
경제,유재수 전 부시장 관련 압수수색에 금융위 내부 '술렁'
경제,"[르포]""이렇게 싼데 안 살 수가 있나""…'쓱데이' 가능성 확인"
경제,"2.8억짜리 요트도 팔린 '쓱데이'…""美 블프 안 부럽다"""
경제,"혁신·벤처업계, 타다 기소에 ""신산업 중단 심각한 우려"""
경제,"벤처업계 ""타다 검찰 기소, 신산업 혁신과 성장 후퇴시킨 결정"""
경제,'14일 수능' 증시 개장 10시·폐장 4시반..1시간씩 늦춘다
경제,수학능력시험일 증시 개·폐장 1시간씩 늦춰
경제,수능일 주식시장 1시간 늦게 개장
경제,"금감원, '유사 라임' 운용사 조사 마무리..사모펀드 전수조사 '박차'"
경제,"라임자산운용 ""환매 연기된 펀드 한 달간 회계 실사"""
경제,"값 올리려고..""씨닭 생산 줄이자"" 담합 4곳에 3억원대 과징금"
경제,닭값 올리려 종계 생산량 줄인 사업자들
경제,"""미-중 무역 갈등으로 韓 성장률 0.34%p까지 하락"""
경제,"""미-중 무역 갈등으로 韓 성장률 0.34%p까지 하락"""
경제,중견·중소 회계법인協 통합 빅4 대항한다
경제,채용당락 뒤바뀌고 평가없이 정규직화..서울시 산하기관들 적발
경제,중국산에 밀렸던 국산 크레인 20년 만에 다시 부산항에 선다
경제,차량 주행영상으로 도로지도 자동 업뎃..자율주행 성큼
경제,"아프리카돼지열병, 이러다 '풍토병' 되나?"
경제,분상제 발표에 한남3구역 특별점검까지..뒤숭숭한 부동산 시장
경제,강남3구 법원경매 아파트 낙찰가율 4개월째 '고공행진'
경제,정부 SOC 사업에도 건설투자↓..주택건설 없으면 내년도 암울
경제,제로페이 11개월간 누적결제액 470억원 넘겨..가맹점 30만곳
경제,"가맹점주協 ""수수료 높은 카카오페이 제로페이 참여 부적절"""
경제,먼지쌓인 기업 투자활력 법안 통과될까..내주 조세소위 첫 가동
경제,"'제로페이=관치페이' 아니다..한국간편결제원 새출발 ""100만 가맹점 목표"""
경제,'디지털 보험' 진출하는 kakao.. 亞금융플랫폼 구상하는 NAVER
경제,은행·IT 본격 결합 시대..핀테크 '전쟁' 열린다
경제,"英찰스 왕세자 저택 753억 모네 그림, 알고보니 짝퉁?"
경제,리브라 위협할 #DCEP 중국 디지털화폐
경제,중국이 4년째 기준금리를 인하하지 않는 이유
경제,"금호그룹 운명의 주.. 아시아나항공 매각, 성공이냐 유찰이냐"
경제,일부업체 독과점 너무 비싼 면도날 月4개 배송.. 高품질·80%이상 저렴
경제,한달 광고비가 400만원? '쿠팡 폭탄' 뿔난 셀러들
경제,IMF 실직 목격했던 30대..'카톡보고' 익숙한 20대
경제,"""야근시키면 난리""라는 부장의 편견, 신입사원은 억울하죠"
경제,"'상한제' 앞둔 서울 아파트, 매물 품귀·호가 상승 이상현상"
경제,"현대 i30·팰리세이드, 포르쉐 파나메라 등 자발적 리콜"
경제,"코스피 회복세 이어질까..""연말까지 2,200 도달 가능성"""
경제,OECD추산 韓잠재성장률 2년만에 0.4%p↓..회원국 중 세번째 낙폭
경제,"막차 잘못탔나, 금·달러·채권의 배신"
경제,"""韓 중고차 시장, 소비자 76% 불신..대기업 참여 기대 높아"""
경제,은행직원이 대여금고 고객 현금 수억원 빼돌려..수사 의뢰
경제,통닭 값 비싼 이유 있었네..하림 등 4개 종계 사업자 담합 적발
경제,고양·양주·포천·동두천·화천 전지역서 멧돼지 총기 포획 허용

사회,"옛기억 되살리려…8차 화성 사건 옥살이 윤씨, 법 최면 조사"
사회,"조국 지시로 유재수 감찰중단 의혹···檢, 금융위 압수수색"
사회,"삼성 김홍경, 檢피의사실 공표에 ""불법 아니어도 이미지 손상"""
사회,"BTS 정국, 교통사고로 입건···""신호 위반해 택시와 부딪혀"""
사회,‘공관 갑질’ 박찬주 “갑질 아냐” 주장에 시민단체 “반인권 상징”
사회,“두 아들을 앞세웠다” 독도 바다에 뿌려진 아버지의 눈물
사회,"""전관예우 의심 근거없어"" 조현아 남편의 재판부 기피신청 '기각'"
사회,"'패스트트랙' 사개특위 사·보임 당사자 권은희, 검찰 참고인 출석"
사회,함평 국향대전 '27만명·10억원' 역대 최고실적 거뒀다
사회,검찰 '타다' 기소 이어 후발 '파파'도 수사
사회,"[속보] 방탄소년단 정국, 교통사고로 입건...경찰 조사중"
사회,"BTS 정국, 교통사고로 입건···""신호 위반해 택시와 부딪혀"""
사회,"[속보]방탄소년단 정국, 교통사고로 입건…용산경찰서 조사 중"
사회,"조국 지시로 유재수 감찰중단 의혹···檢, 금융위 압수수색"
사회,"구도쉘리 ""상의 탈의하라고 제안"" vs 권혁수 ""사실 아냐"""
사회,전북 경찰 “경찰관 성관계 영상 참고인 통해 확인”(종합)
사회,"옛기억 되살리려…8차 화성 사건 옥살이 윤씨, 법 최면 조사"
사회,"독도 헬기 사고 사망 부기장 아버지 ""아들 둘을 다 잃었으니…"""
사회,[속보]경찰 “윤지오 여권무효화 신청완료…적색수배도 4일중 요청”
사회,앞으로 소주병에 '아이린' 사라진다
사회,"""가습기살균제 피해 증상 다양..인정 범위 대폭 넓혀야"""
사회,"'가습기살균제' 피해자들 ""피해 인정 범위 넓히고 지속 지원해야"""
사회,"검찰, '타다' 이어 유사 서비스 '파파' 도 수사"
사회,검찰 '타다' 기소 이어 후발 '파파'도 수사
사회,"""타다는 편법 운영된 콜택시"" ""예외조항 따른 적법한 사업"""
사회,"조현아 남편 기피신청 기각..法 ""편파재판 입증자료 없어"""
사회,"'이혼소송' 조현아 남편, 재판부 기피신청 냈으나 기각"
사회,"'이혼소송' 조현아 남편, 재판부 기피 신청..법원 기각"
사회,"이재명 ""위헌심판제청 신청, 도지사직 유지 꼼수 아니다"""
사회,오르막 내리막 화산 분화구 정상 5번 통과.. 출발 57시간만에 완주
사회,"박찬주 삼청교육대 발언에 임태훈 ""군인연금 박탈됐으면"""
사회,"박찬주 삼청교육대 발언에 군인권센터 ""부끄러운 줄 알아야"""
사회,"군인권센터의 탄식..""삼청교육대? 부끄럽지도 않나"""
사회,"정경심 건강문제로 조사 지연..檢 ""조국 소환 계획은 아직"""
사회,"검찰, '웅동학원 비리' 조국 동생 구속 후 3번째 소환조사"
사회,"박근혜 탄핵심판날..기무사, 청와대에 '軍조치' 보고"
사회,"안전보건공단 ""올해 산재 사망자 100명 가까이 감축 가능"""
사회,독도 헬기추락사고 닷새째..전문가들이 본 실종자 수색 변수들
사회,"""정시 되돌린다고 문제 해결되나..특권 대물림 종식 체제 마련해야"""
사회,"각계인사 1천503명 ""대입정시확대, 미래교육 관점서 부적절"""
사회,"교육감들 ""정시확대 반대"" .. 대통령發 대입개선 '제동'"
사회,"경찰, '윤지오 인터폴 적색수배' 요청..사회파장 고려"
사회,"경찰 ""윤지오 여권무효화 신청완료..적색수배도 4일중 요청"""
사회,윤지오가 한국에 올 수 없는 이유
사회,"'고유정 사건' 피해자 어머니, 법정 최고형 요구"
사회,"증언대 선 고유정 피해자 母 ""아들 보고싶다""..법정 눈물바다"
사회,"피해자 어머니 ""아들 살려내라""..""고유정에 법정 최고형을"""
사회,'NO 노키즈존'의 세상을
사회,"거북목증후군, 장시간 방치하다간.."
사회,"종편, 추측에 추측을 더한 소설부터 성소수자 혐오까지"
사회,'위기 맞은 서울미래유산' 청계천 헌책방
사회,"""며칠간 땅속 묻혀도 거뜬히 소생""..의문의 제주 명상수련원 수련법 보니"
사회,"방탄소년단 정국, 교통사고로 입건.. 벤츠 몰다 택시 충돌"
사회,군산 선유도에 흰발농게 63만마리 서식 확인..국내 최대 규모
사회,"""기미 없애고 주름도 펴준다""..과연?"
사회,"피해자 어머니 ""아들 살려내라""..""고유정에 법정 최고형을"""
사회,"세월호 유가족 ""책임자 처벌 단 1명.. 檢 재수사 요구에 움직여야"""
사회,광화문 광장 '조국구속' 집회..한쪽에선 '세월호 책임자 고발'
사회,"전북경찰청 ""순경의 성관계 동영상 실체 확인""..수사로 전환"
사회,"화성 8차사건 재심 윤모씨 측 ""윤씨 대필자술서 존재"""
사회,청주서 주차된 일본차 화학 물질 손상..경찰 수사
사회,"""재판 빨리 받고 싶다""..'마약 소지·투약 혐의' 홍정욱 前의원 딸"
사회,"실종자 가족들 ""'펑' 소리 후 추락 영상 봤다""..해경은 부인"
사회,"검찰, '유재수 감찰무마' 수사 속도..금융위 등 압수수색"

문화,"쌍용차, 스페인서 '코란도' 상품성 검증받았다"
문화,신형 '그랜저' 가격 2.5 가솔린 3294만원부터
문화,[첫차픽] 코세페 천만원대…몸값 더 낮춘 '트렉스 레드라인'
문화,"방탄소년단 정국, 교통사고로 입건…아미 ""정국·택시기사, 큰 부상 아니길"""
문화,'나는 이름이 있었다' 오은·'단순한 진심 조해진 등 대산문학상 영예
문화,중국군 자처한 약산 김원봉의 최종 목표
문화,"롯데호텔, 5일간 특급 세일"
문화,'더 뉴 그랜저' 보석 박힌 얼굴 첫 공개…3294만원부터
문화,[인터뷰] 구도쉘리 “권혁수가 등뼈찜 방송서 옷벗으라 했다”
문화,치약 짜놓고 기다리면 된다? 손쉬운 모기 퇴치법 셋
문화,"현대차, ‘더 뉴 그랜저’ 사전계약… 3294만~4535만원"
문화,"방탄소년단(BTS) 맴버 정국, 교통사고로 용산경찰서 조사…본인 벤츠 차량으로 택시와 충돌"
문화,우리 동백이가 늘 돈이 없는 까닭
문화,"김포족 늘어난다…주부 54% ""올해 김장포기"""
문화,[동영상] 하늘에서 내려온 선녀? 100m 높이 호텔 외벽서 아찔한 '하늘춤'
문화,베트남서 한국말 잘하면 월급 2배… 29개大 한국어 전공 1만6000명
문화,"예사롭지 않았던 가을태풍..지난달 강수량, 10월 기준 역대 1위"
문화,태풍 '미탁'에 많은 비.. 역대 10월 최다 강수량 169mm
문화,제주는 우연히 노루를 만나는 곳이어야 합니다
문화,"""이런 사진 보고 누가 입양을?""..보호소 엉터리 공고사진에 공분"
문화,"""채식은 어렵지만 동물·환경 보호할래요"""
문화,목포 근대역사공간 같은 문화재 영덕·익산에도 생겼다
문화,근대 풍경 간직한 영덕 영해장터거리 등 문화재 됐다
문화,자궁경부암 발생 연령이 점점 낮아지는 이유는
문화,"""남성 호르몬 과다, 전립선암 위험↑"""
문화,세월 못 이기는 눈..자꾸 침침하다는 부모님 백내장일까
문화,"""ADHD, 이젠 '아이들만의 병'이 아니다"""
문화,무연고사망자 장례 동거인·친구가 치를 수 있게 한다
문화,여성의 이야기를 듣다..극장가 찾아온 여성 서사 영화들
문화,"'음주미화 논란' 술병 여성 연예인 사진..복지부, 부착금지 검토"
문화,"뽀로로 넘은 펭수, 틀을 깬 고수"
문화,"30회 맞은 유재하음악경연대회.. ""오늘도 사랑하기 때문에"""
문화,"'82년생 김지영'에 2030男, 왜 분노하는가"
문화,액상형 전자담배에 '화들짝'..다시 일반 담배로? '금물'
문화,"""노랗게 빨갛게 물들었네"" 서울 단풍 명소는 어디"
문화,"""소녀상 전시 중단은 '검열'..재개 기쁘지만 조건부라 죄송"""
문화,길고양이 제대로 살리는 방법 'TNR'
문화,예스 브레인 아이들의 비밀
문화,아직도 '매'가 '약'이라고 생각하십니까?
문화,중성지방 수치를 낮추려면 어떻게 해야 하나요?
문화,'우아한 가' 배종옥 | 10% 넘는 시청률 감개무량 연기하며 카타르시스 느껴
문화,녹내장 환자 열명중 한두명은 '3040'
문화,"100 명의 친절과 1 명의 속임수, 불가리아의 참모습은?"
문화,제주는 우연히 노루를 만나는 곳이어야 합니다
문화,내륙 맑고 일교차 커..공기 깨끗
문화,미세먼지 조금씩 옅어져..동해안 밤까지 비
문화,"""ADHD, 이젠 '아이들만의 병'이 아니다"""
문화,"""여기도 사람사는 곳""..北주재 외교관이 살핀 북한의 속살"
문화,"특공대 정용화 전역.. ""고된 훈련, 인생에 도움 될 것"""
문화,한국 밀레니얼은 왜 부모보다 가난한 세대가 됐는가?
문화,'때 밀이' 습관이 병 부른다..불금 즐기다가 면역력 '뚝'
문화,"'82년생 김지영'에 2030男, 왜 분노하는가"
문화,"'82년생 김지영'에 2030男, 왜 분노하는가"
문화,자궁경부암 발생 연령이 점점 낮아지는 이유는
문화,"""이런 사진 보고 누가 입양을?""..보호소 엉터리 공고사진에 공분"
문화,"""ADHD, 이젠 '아이들만의 병'이 아니다"""

세계,영국 사립학교도 베트남인 밀입국 통로로 쓰였다
세계,"""세계 원유 공급 과잉 사태 닥친다…유가하락 불가피"""
세계,"방일 중인 문희상, 韓日 개인·기업 모금해 징용 피해자에 지급 제안"
세계,[강동균의 차이나 톡] 미국 압박에도 첨단산업 '굴기' 속도 내는 中
세계,자폐증 아들의 생애 첫 질문…”사람들이 날 좋아할까요?”
세계,홍콩 시위 150일…체포된 시민 3천명 넘어섰다
세계,아들 교통사고 사망 3년 후 며느리와 결혼한 유명 정치인
세계,11조원 부은 '트럼프 장벽'…11만원 전기톱에 뚫렸다
세계,"하루 한끼먹는다는 태국 승려들, 왜 48%가 비만일까?"
세계,"사고로 아들 잃은 뒤, 3년 만에 며느리와 결혼한 아버지"
세계,"""친자 맞아요"" 말레이시아 전 국왕과 이혼한 러시아 모델, 아기 얼굴 공개"
세계,치파오 벗고 한푸 입는 중국…한족주의 부활하나
세계,"日 외무성 ""아베, 문대통령에 日 원칙적 입장 확실히 전달"""
세계,"말레이 전 국왕 러 이혼녀, ‘친자 논란’ 아기 얼굴 공개 “아빠랑 닮았다”"
세계,문희상 '한일 개인·기업 모금해 징용피해자에 지급' 제안
세계,"미국 역사학자 ""올림픽위원회가 직접 욱일기 금지해야"""
세계,인도 대기오염 심각..타지마할엔 공기청정기 차량
세계,"타지마할도 오염될라..인도, 첨단 공기 청정 차량 배치"
세계,"""아베, 文대통령에 '한일청구권협정 준수' 요구"""
세계,"아베, 문 대통령에 ""강제징용 문제 해결 끝났다"" 입장 전달"
세계,"日언론 ""한일 정상, 대화 통해 현안 해결 확인"" 긴급 보도"
세계,"리커창, 유엔 사무총장에 '다자주의' 약속..美견제"
세계,"리커창, 美겨냥 유엔 사무총장에 '다자주의' 강조"
세계,"트럼프, '우크라 의혹' 내부고발자 ""앞에 나서라..오바마 사람"""
세계,"트럼프 ""러시아·중국과 관계 좋아..아무도 방해 못해"""
세계,"美 '우크라 스캔들' 내부고발자측 ""공화 질의에 서면답변 용의"""
세계,"중국, 일국양제 통일 외치며 '대만동포 동등대우' 제안"
세계,"'하나의 중국' 압박하는 中, ""대만동포에 본토인과 동등대우"" 제안"
세계,"중국 인민은행 前총재 ""AI로 소득격차 커질 것..대비책 세워야"""
세계,"뉴질랜드·호주, '꿀 전쟁'..마누카꿀 상표등록 갈등"
세계,"""영장류 초기 배아 발달의 블랙박스 열었다"""
세계,"""세계 원유 공급 과잉 사태 닥친다..유가하락 불가피"""
세계,"美-대만, 사이버공격 대응훈련..""중국·북한 해킹 등 방어"""
세계,홍콩 시위 150일..체포된 시민 3천명 넘어섰다
세계,"""홍콩 사태로 싱가포르에 돈 몰려..외화예금 증가"" CNBC"
세계,"중국 관영 매체 ""홍콩 급진세력은 '해군지마'..반드시 엄벌"""
세계,미국 집주인 이사 주기 13년으로 늘어..베이비부머 탓
세계,"""트럼프 트윗에 금융시장 출렁..연준 독립성 위협"""
세계,"커들로, 파월 경질설 일축..""금융정책, 이제 훨씬 나은 방향"""
세계,"'지진 다발' 일본, 지금은 폭우 다발 시대?..기상이변 아닌 '기후변화'"
세계,"""EU, 2020년 온실가스 배출 감축 목표 달성 가능할 듯"""
세계,온실가스 안 줄이면..2050년엔 호찌민·뭄바이 사라진다
세계,"신장, 티베트, 홍콩과 하나의 중국"
세계,"레바논 반(反)정부 시위 18일째..""종교·정파보다 민생"""
세계,"위기를 애써 부정한 기업 VS 지속가능성 추구한 기업 [더 나은 세계, SDGs]"
세계,"안개의 도시, 사파(Sapa)에 가면"
세계,"1년 앞으로 다가온 美 대선-수세 몰린 트럼프, 경제 성과 집중할 듯"
세계,"뉴질랜드·호주, '꿀 전쟁'..마누카꿀 상표등록 갈등"
세계,"""집세 5년간 못 올린다"" 베를린의 파격 입법"
세계,플로리다로 '세금 피난' 트럼프..혹독한 회계감사는 못 피할 듯
세계,"英 찰스 왕세자 망신살..""저택의 모네그림 알고보니 짝퉁"""
세계,'세계에서 가장 비싼 회사' 사우디 아람코 상장 첫 발
세계,"디카프리오 '기후 소녀' 툰베리와 웃는 사진 올리며 ""우리 시대의 지도자"""
세계,치파오 벗고 한푸 입는 중국..한족주의 부활하나
세계,"""트럼프, 지난 대선 때 해킹당한 민주당 이메일 확보 지시"""
세계,"美역사학자 ""IOC가 도쿄올림픽에서 욱일기 금지하라"""
세계,"""아베, 文대통령에 '한일청구권협정 준수' 요구"""
세계,인니 KF-X 분담금 타결 기대..조코위 방한 앞두고 집중 재협상
세계,문희상 '한일 개인·기업 모금해 징용피해자에 지급' 제안

IT,'ㅋㅋ' 치면 곰돌이가 빵긋…10대 소녀 취향저격한 모바일키보드 [최수진의 IT'S UP]
IT,"삼성전자, 美 오스틴 CPU 연구인력 300명 해고... 자체 개발 중단"
IT,"SKT·LGU+ 유료방송 덩치 키우는데...KT 대응전략은 ""OTT 같은 IPTV"""
IT,바이낸스 한국 진출설 '솔솔'... 파급력은 여전히 물음표
IT,"SW 인재, 꼭 공대생이여야 할까? 선입견 거부한 '42 서울'"
IT,"이재용, 삼성 AI전략 진두지휘...""끊임없이 도전"""
IT,삼성 '빅스비 AI 통역 기술' 공개...인터넷 연결 안 해도 실시간 사용
IT,'캐시워크 돈버는퀴즈' 뭐길래?… 정답은 '이것'
IT,"""한 개 주문 와도 인쇄""…사양산업은 옛말"
IT,‘깡통 위성’ 하나 못 띄우던 한국을 ‘위성 개발 강국’으로 키웠다
IT,'시몬스 난연 매트리스' 토스 행운퀴즈 정답은?
IT,[단독]미국도 혹하는 한국인 치매 빅데이터…규제장벽에 막혀 활용도↓
IT,3cm 알약 로봇 '꿀꺽'…내시경 진단·치료 한번에 끝낸다
IT,[K바이오쇼크·上] 신라젠·헬릭스미스 등 5개사 신약 '최종관문 위기' 3대 원인은
IT,"韓 보다 25배 앞선 日 슈퍼컴퓨터 …""AI 인프라 격차 벌어진다"""
IT,화웨이 스마트워치 韓 상륙…삼성·애플과 `손목 경쟁`
IT,온실가스 먹어치우는 미생물 움직임 규명
IT,지구 뜨겁게 만드는 온실가스 잡아먹는 미생물 작동원리 규명
IT,'대륙공략' 삼성 vs '안방사수' 화웨이..中서 펼치는 폴더블 전쟁
IT,뜨거워지는 폴더블 전쟁..세로·가로·Z형 디자인까지
IT,"소재·부품·장비 기술특위 운영 본격화..""R&D 규정 개정 추진"""
IT,"美 대선 앞두고 정치광고 논쟁..트위터는 '중단', 페북은 '유지', 구글은 '침묵'"
IT,11월 놓쳐서는 안될 우주 이벤트 세 가지
IT,리니지2M의 라이벌은 리니지M..형제게임 승자는?
IT,특허로 본 세계 인공 지능 판도..우리나라는?
IT,"""의료정보·유전체 정보기술 국제표준 선점"" 신규표준안 제안"
IT,날잡은 유료방송 합병 심사..방송시장 이통사 3강시대
IT,'깡통 위성' 하나 못 띄우던 한국을 '위성 개발 강국'으로 키웠다
IT,이재웅 대표의 너무 잦은 '작심비판'..포용없이 갈등만 부추겨
IT,검찰이 브레이크 건 '타다'..우버·디디추싱·그랩은 어떻게 살아남았나
IT,AI가 날씨따라 배차..'타다'가 말하는 혁신기술은
IT,"삼성 ""지문인식 패치 오늘 완료..해외도 순차 진행"""
IT,"삼성, 갤럭시폰 지문인식 SW패치로 해결될까..초기 반응 양호"
IT,"""이제 안 뚫린다""..삼성, 지문인식 SW 후기 '속속'"
IT,가로로 접어 주머니에 쏙.. 베일 벗은 2세대 갤폴드
IT,'가로·세로·Z형 두번 접기까지'.. 스마트폰 폼팩터 전쟁
IT,좌우로 접고 상하로 접고..삼성전자 '폴더블폰' 첫 2관왕 노린다
IT,'ㅋㅋ' 치면 곰돌이가 빵긋..10대 소녀 취향저격한 모바일키보드
IT,100년에 단 13번..태양 가로지르는 수성 볼 수 있다
IT,연주 데이터에 감정 표현하는 '머신러닝'.. 인간 창의성에 도전
IT,공룡 멸종 후 폭풍 성장..신생대 초기 포유류의 비밀
IT,"프로그래밍 교육을 위한 지상 드론, DJI 로보마스터 S1 -1부"
IT,"레고켐바이오, 다제내성결핵 치료제 '델파졸리드' 임상 중간결과 발표"
IT,"디아블로4·오버워치2 공개한 블리자드.. ""블리츠청 사태 사과드린다"""
IT,'하프크라이즈반값' 'ㄷㄱㄷㅅㄹ' 버즈빌 퀴즈 정답은?
IT,"""알약처럼 삼키면 진단·치료 가능""..다기능 캡슐내시경 나온다"
IT,카카오 서비스 기본 탑재된 5G전용 스마트폰 출시
IT,뜨거워지는 폴더블 전쟁..세로·가로·Z형 디자인까지
IT,'대륙공략' 삼성 VS '안방사수' 화웨이..中서 펼치는 폴더블 전쟁
IT,"두께 1cm 길이 3cm, 삼키니 치료까지 해주네"
IT,"""알약처럼 삼키면 진단·치료 가능""..다기능 캡슐내시경 나온다"
IT,"중국, '바늘' 대신할 초미세 작업용 '거품 로봇' 개발"
IT,또 혁신 말려죽인 정부..'온라인 환전' 서비스 결국 중단
IT,5G폰 1인 데이터 사용량 26GB..고화질 영화 13편 용량

